,,,,,,,,,,,,,,,,,,,,,,,,,,,,,,,,,,,,,,,9단위* 5분,,,,,,,,,,,,,,,,,,,,,,,10단위,,,,,,,,,,,,,,,,,,,,,,,이격수,,,,,,,,,,,,15,,,15,,,,,,,,,,,,,,,,,,,,,,,
 300 ,6조합,,,,,,,1,2,3,4,5,6,,홀,짝,,저,고,,끝저고,,,소수,자연수,3배수,,소,,,,,배,,1~14,15~30,31~45,,9,18,27,36,45,1 2 3 4 5 6 ,,,,,,,,,,,,#REF!,,#REF!,13하23상,,,단-10-20-30-40,,,,,1 2 3 4 5 6 ,,,,,,,,,,,,#REF!,,#REF!,13하23상,,,1,2,3,4,5,,1,2,3,4,5,,홀,짝,,끝저고,,,소,자,배,,1,,2,,3,,4,,5,,,,,,,배,
,1,2,3,4,5,6,,,,,,,,,,,,,,,,,,,,,,,,,,,,,,,,,,,,,,,,,,,,,,,,,,,,,,,,,,,,,,,,,,,,,,,,,,,,,,,,,,,,,,,,,,,,,,,,,,,,,,,,,,,,,,,,,,,,,
,4,7,17,18,38,44,,2,1,1,2,2,2,,2,4,,4,2,,2,4,,2,3,1,,,,,,,,,2,2,2,,2,2,0,0,2,#REF!,#REF!,#REF!,#REF!,#REF!,#REF!,#REF!,#REF!,#REF!,#REF!,#REF!,#REF!,#REF!,#REF!,#REF!,#REF!,#REF!,,2,2,0,1,1,#REF!,#REF!,#REF!,#REF!,#REF!,#REF!,#REF!,#REF!,#REF!,#REF!,#REF!,#REF!,3,10,1,20,6,,3,10,1,20,6,,1,2,1,2,2,,2,3,,2,3,,1,3,1,,#REF!,#REF!,#REF!,#REF!,#REF!,#REF!,#REF!,#REF!,#REF!,#REF!,,,,,,,
,11,16,25,27,35,36,,1,2,1,1,1,2,,4,2,,2,4,,3,3,,1,3,2,,,,,,,,,1,3,2,,0,2,2,2,0,#REF!,#REF!,#REF!,#REF!,#REF!,#REF!,#REF!,#REF!,#REF!,#REF!,#REF!,#REF!,#REF!,#REF!,#REF!,#REF!,#REF!,,0,2,2,2,0,#REF!,#REF!,#REF!,#REF!,#REF!,#REF!,#REF!,#REF!,#REF!,#REF!,#REF!,#REF!,5,9,2,8,1,,5,9,2,8,1,,1,1,2,2,1,,3,2,,3,2,,2,2,1,,#REF!,#REF!,#REF!,#REF!,#REF!,#REF!,#REF!,#REF!,#REF!,#REF!,,,,,,,
,13,14,18,21,34,44,,1,2,2,1,2,2,,2,4,,4,2,,5,1,,1,3,2,,,,,,,,,2,2,2,,0,3,1,1,1,#REF!,#REF!,#REF!,#REF!,#REF!,#REF!,#REF!,#REF!,#REF!,#REF!,#REF!,#REF!,#REF!,#REF!,#REF!,#REF!,#REF!,,0,3,1,1,1,#REF!,#REF!,#REF!,#REF!,#REF!,#REF!,#REF!,#REF!,#REF!,#REF!,#REF!,#REF!,1,4,3,13,10,,1,4,3,13,10,,1,2,1,1,2,,3,2,,4,1,,2,3,0,,#REF!,#REF!,#REF!,#REF!,#REF!,#REF!,#REF!,#REF!,#REF!,#REF!,,,,,,,
,11,21,22,30,39,44,,1,1,2,2,1,2,,3,3,,3,3,,4,2,,1,2,3,,,,,,,,,1,3,2,,0,1,2,1,2,#REF!,#REF!,#REF!,#REF!,#REF!,#REF!,#REF!,#REF!,#REF!,#REF!,#REF!,#REF!,#REF!,#REF!,#REF!,#REF!,#REF!,,0,1,2,2,1,#REF!,#REF!,#REF!,#REF!,#REF!,#REF!,#REF!,#REF!,#REF!,#REF!,#REF!,#REF!,10,1,8,9,5,,10,1,8,9,5,,2,1,2,1,1,,3,2,,2,3,,1,3,1,,#REF!,#REF!,#REF!,#REF!,#REF!,#REF!,#REF!,#REF!,#REF!,#REF!,,,,,,,
,4,18,31,37,42,43,,2,2,1,1,2,1,,3,3,,2,4,,4,2,,3,1,2,,,,,,,,,1,2,3,,1,1,0,1,3,#REF!,#REF!,#REF!,#REF!,#REF!,#REF!,#REF!,#REF!,#REF!,#REF!,#REF!,#REF!,#REF!,#REF!,#REF!,#REF!,#REF!,,1,1,0,2,2,#REF!,#REF!,#REF!,#REF!,#REF!,#REF!,#REF!,#REF!,#REF!,#REF!,#REF!,#REF!,14,13,6,5,1,,14,13,6,5,1,,2,1,2,1,1,,3,2,,4,1,,2,2,1,,#REF!,#REF!,#REF!,#REF!,#REF!,#REF!,#REF!,#REF!,#REF!,#REF!,,,,,,,
,12,19,21,29,40,45,,2,1,1,1,2,1,,4,2,,3,3,,3,3,,2,1,3,,,,,,,,,1,3,2,,0,1,2,1,2,#REF!,#REF!,#REF!,#REF!,#REF!,#REF!,#REF!,#REF!,#REF!,#REF!,#REF!,#REF!,#REF!,#REF!,#REF!,#REF!,#REF!,,0,2,2,0,2,#REF!,#REF!,#REF!,#REF!,#REF!,#REF!,#REF!,#REF!,#REF!,#REF!,#REF!,#REF!,7,2,8,11,5,,7,2,8,11,5,,1,2,2,1,1,,3,2,,3,2,,4,1,0,,#REF!,#REF!,#REF!,#REF!,#REF!,#REF!,#REF!,#REF!,#REF!,#REF!,,,,,,,
,6,20,23,24,28,30,,2,2,1,2,2,2,,1,5,,3,3,,2,4,,1,2,3,,,,,,,,,1,5,0,,1,0,3,2,0,#REF!,#REF!,#REF!,#REF!,#REF!,#REF!,#REF!,#REF!,#REF!,#REF!,#REF!,#REF!,#REF!,#REF!,#REF!,#REF!,#REF!,,1,0,4,1,0,#REF!,#REF!,#REF!,#REF!,#REF!,#REF!,#REF!,#REF!,#REF!,#REF!,#REF!,#REF!,14,3,1,4,2,,14,3,1,4,2,,2,1,1,2,2,,2,3,,5,0,,2,3,0,,#REF!,#REF!,#REF!,#REF!,#REF!,#REF!,#REF!,#REF!,#REF!,#REF!,,,,,,,
,7,18,19,26,33,45,,1,2,1,2,1,1,,4,2,,3,3,,2,4,,2,1,3,,,,,,,,,1,3,2,,1,1,2,1,1,#REF!,#REF!,#REF!,#REF!,#REF!,#REF!,#REF!,#REF!,#REF!,#REF!,#REF!,#REF!,#REF!,#REF!,#REF!,#REF!,#REF!,,1,2,1,1,1,#REF!,#REF!,#REF!,#REF!,#REF!,#REF!,#REF!,#REF!,#REF!,#REF!,#REF!,#REF!,11,1,7,7,12,,11,1,7,7,12,,1,1,1,1,2,,4,1,,3,2,,3,1,1,,#REF!,#REF!,#REF!,#REF!,#REF!,#REF!,#REF!,#REF!,#REF!,#REF!,,,,,,,
,10,17,22,30,35,43,,2,1,2,2,1,1,,3,3,,3,3,,3,3,,2,3,1,,,,,,,,,1,3,2,,0,2,1,2,1,#REF!,#REF!,#REF!,#REF!,#REF!,#REF!,#REF!,#REF!,#REF!,#REF!,#REF!,#REF!,#REF!,#REF!,#REF!,#REF!,#REF!,,0,2,1,2,1,#REF!,#REF!,#REF!,#REF!,#REF!,#REF!,#REF!,#REF!,#REF!,#REF!,#REF!,#REF!,7,5,8,5,8,,7,5,8,5,8,,1,1,2,1,2,,3,2,,2,3,,3,2,0,,#REF!,#REF!,#REF!,#REF!,#REF!,#REF!,#REF!,#REF!,#REF!,#REF!,,,,,,,
,6,7,15,22,26,40,,2,1,1,2,2,2,,2,4,,4,2,,2,4,,1,3,2,,,,,,,,,2,3,1,,2,1,2,0,1,#REF!,#REF!,#REF!,#REF!,#REF!,#REF!,#REF!,#REF!,#REF!,#REF!,#REF!,#REF!,#REF!,#REF!,#REF!,#REF!,#REF!,,2,1,2,0,1,#REF!,#REF!,#REF!,#REF!,#REF!,#REF!,#REF!,#REF!,#REF!,#REF!,#REF!,#REF!,1,8,7,4,14,,1,8,7,4,14,,1,2,1,2,2,,2,3,,3,2,,1,4,0,,#REF!,#REF!,#REF!,#REF!,#REF!,#REF!,#REF!,#REF!,#REF!,#REF!,,,,,,,
,8,14,28,29,34,40,,2,2,2,1,2,2,,1,5,,2,4,,2,4,,1,5,0,,,,,,,,,2,2,2,,1,1,0,3,1,#REF!,#REF!,#REF!,#REF!,#REF!,#REF!,#REF!,#REF!,#REF!,#REF!,#REF!,#REF!,#REF!,#REF!,#REF!,#REF!,#REF!,,1,1,2,1,1,#REF!,#REF!,#REF!,#REF!,#REF!,#REF!,#REF!,#REF!,#REF!,#REF!,#REF!,#REF!,6,14,1,5,6,,6,14,1,5,6,,2,2,1,1,2,,2,3,,3,2,,1,2,2,,#REF!,#REF!,#REF!,#REF!,#REF!,#REF!,#REF!,#REF!,#REF!,#REF!,,,,,,,
,1,12,16,19,23,43,,1,2,2,1,1,1,,4,2,,5,1,,4,2,,3,2,1,,,,,,,,,2,3,1,,1,2,2,0,1,#REF!,#REF!,#REF!,#REF!,#REF!,#REF!,#REF!,#REF!,#REF!,#REF!,#REF!,#REF!,#REF!,#REF!,#REF!,#REF!,#REF!,,1,3,1,0,1,#REF!,#REF!,#REF!,#REF!,#REF!,#REF!,#REF!,#REF!,#REF!,#REF!,#REF!,#REF!,11,4,3,4,20,,11,4,3,4,20,,1,2,1,2,2,,2,3,,4,1,,2,3,0,,#REF!,#REF!,#REF!,#REF!,#REF!,#REF!,#REF!,#REF!,#REF!,#REF!,,,,,,,
,14,33,34,35,37,40,,2,1,2,1,1,2,,3,3,,1,5,,4,2,,1,4,1,,,,,,,,,1,0,5,,0,1,0,3,2,#REF!,#REF!,#REF!,#REF!,#REF!,#REF!,#REF!,#REF!,#REF!,#REF!,#REF!,#REF!,#REF!,#REF!,#REF!,#REF!,#REF!,,0,1,0,4,1,#REF!,#REF!,#REF!,#REF!,#REF!,#REF!,#REF!,#REF!,#REF!,#REF!,#REF!,#REF!,19,1,1,2,3,,19,1,1,2,3,,1,1,1,2,1,,4,1,,4,1,,3,2,0,,#REF!,#REF!,#REF!,#REF!,#REF!,#REF!,#REF!,#REF!,#REF!,#REF!,,,,,,,
,12,16,21,24,41,43,,2,2,1,2,1,1,,3,3,,3,3,,5,1,,2,1,3,,,,,,,,,1,3,2,,0,2,2,0,2,#REF!,#REF!,#REF!,#REF!,#REF!,#REF!,#REF!,#REF!,#REF!,#REF!,#REF!,#REF!,#REF!,#REF!,#REF!,#REF!,#REF!,,0,2,2,0,2,#REF!,#REF!,#REF!,#REF!,#REF!,#REF!,#REF!,#REF!,#REF!,#REF!,#REF!,#REF!,4,5,3,17,2,,4,5,3,17,2,,2,1,1,1,2,,3,2,,4,1,,4,1,0,,#REF!,#REF!,#REF!,#REF!,#REF!,#REF!,#REF!,#REF!,#REF!,#REF!,,,,,,,
,3,20,28,38,40,43,,1,2,2,2,2,1,,2,4,,2,4,,2,4,,2,4,0,,,,,,,,,1,2,3,,1,0,1,1,3,#REF!,#REF!,#REF!,#REF!,#REF!,#REF!,#REF!,#REF!,#REF!,#REF!,#REF!,#REF!,#REF!,#REF!,#REF!,#REF!,#REF!,,1,0,2,1,2,#REF!,#REF!,#REF!,#REF!,#REF!,#REF!,#REF!,#REF!,#REF!,#REF!,#REF!,#REF!,17,8,10,2,3,,17,8,10,2,3,,1,2,2,2,1,,2,3,,2,3,,3,2,0,,#REF!,#REF!,#REF!,#REF!,#REF!,#REF!,#REF!,#REF!,#REF!,#REF!,,,,,,,
,17,26,29,30,31,43,,1,2,1,2,1,1,,4,2,,1,5,,2,4,,4,1,1,,,,,,,,,0,5,1,,0,1,1,3,1,#REF!,#REF!,#REF!,#REF!,#REF!,#REF!,#REF!,#REF!,#REF!,#REF!,#REF!,#REF!,#REF!,#REF!,#REF!,#REF!,#REF!,,0,1,2,2,1,#REF!,#REF!,#REF!,#REF!,#REF!,#REF!,#REF!,#REF!,#REF!,#REF!,#REF!,#REF!,9,3,1,1,12,,9,3,1,1,12,,1,1,1,1,2,,4,1,,4,1,,1,2,2,,#REF!,#REF!,#REF!,#REF!,#REF!,#REF!,#REF!,#REF!,#REF!,#REF!,,,,,,,
,6,7,13,28,36,42,,2,1,1,2,2,2,,2,4,,3,3,,2,4,,2,1,3,,,,,,,,,3,1,2,,2,1,0,2,1,#REF!,#REF!,#REF!,#REF!,#REF!,#REF!,#REF!,#REF!,#REF!,#REF!,#REF!,#REF!,#REF!,#REF!,#REF!,#REF!,#REF!,,2,1,1,1,1,#REF!,#REF!,#REF!,#REF!,#REF!,#REF!,#REF!,#REF!,#REF!,#REF!,#REF!,#REF!,1,6,15,8,6,,1,6,15,8,6,,1,2,1,2,2,,2,3,,2,3,,0,2,3,,#REF!,#REF!,#REF!,#REF!,#REF!,#REF!,#REF!,#REF!,#REF!,#REF!,,,,,,,
,13,14,22,26,37,38,,1,2,2,2,1,2,,2,4,,3,3,,3,3,,2,4,0,,,,,,,,,2,2,2,,0,2,2,0,2,#REF!,#REF!,#REF!,#REF!,#REF!,#REF!,#REF!,#REF!,#REF!,#REF!,#REF!,#REF!,#REF!,#REF!,#REF!,#REF!,#REF!,,0,2,2,2,0,#REF!,#REF!,#REF!,#REF!,#REF!,#REF!,#REF!,#REF!,#REF!,#REF!,#REF!,#REF!,1,8,4,11,1,,1,8,4,11,1,,1,2,2,1,1,,3,2,,4,1,,1,4,0,,#REF!,#REF!,#REF!,#REF!,#REF!,#REF!,#REF!,#REF!,#REF!,#REF!,,,,,,,
,10,12,29,31,40,44,,2,2,1,1,2,2,,2,4,,2,4,,3,3,,2,3,1,,,,,,,,,2,2,2,,0,2,0,2,2,#REF!,#REF!,#REF!,#REF!,#REF!,#REF!,#REF!,#REF!,#REF!,#REF!,#REF!,#REF!,#REF!,#REF!,#REF!,#REF!,#REF!,,0,2,1,1,2,#REF!,#REF!,#REF!,#REF!,#REF!,#REF!,#REF!,#REF!,#REF!,#REF!,#REF!,#REF!,2,17,2,9,4,,2,17,2,9,4,,2,1,2,1,2,,2,3,,3,2,,3,1,1,,#REF!,#REF!,#REF!,#REF!,#REF!,#REF!,#REF!,#REF!,#REF!,#REF!,,,,,,,
,1,7,21,30,35,38,,1,1,1,2,1,2,,4,2,,3,3,,3,3,,1,3,2,,,,,,,,,2,2,2,,2,0,1,2,1,#REF!,#REF!,#REF!,#REF!,#REF!,#REF!,#REF!,#REF!,#REF!,#REF!,#REF!,#REF!,#REF!,#REF!,#REF!,#REF!,#REF!,,2,0,1,3,0,#REF!,#REF!,#REF!,#REF!,#REF!,#REF!,#REF!,#REF!,#REF!,#REF!,#REF!,#REF!,6,14,9,5,3,,6,14,9,5,3,,2,2,1,1,1,,3,2,,3,2,,2,1,2,,#REF!,#REF!,#REF!,#REF!,#REF!,#REF!,#REF!,#REF!,#REF!,#REF!,,,,,,,
,6,16,34,37,39,40,,2,2,2,1,1,2,,2,4,,2,4,,1,5,,1,3,2,,,,,,,,,1,1,4,,1,1,0,1,3,#REF!,#REF!,#REF!,#REF!,#REF!,#REF!,#REF!,#REF!,#REF!,#REF!,#REF!,#REF!,#REF!,#REF!,#REF!,#REF!,#REF!,,1,1,0,3,1,#REF!,#REF!,#REF!,#REF!,#REF!,#REF!,#REF!,#REF!,#REF!,#REF!,#REF!,#REF!,10,18,3,2,1,,10,18,3,2,1,,2,2,1,2,1,,2,3,,3,2,,2,2,1,,#REF!,#REF!,#REF!,#REF!,#REF!,#REF!,#REF!,#REF!,#REF!,#REF!,,,,,,,
,1,3,4,29,42,45,,1,1,2,1,2,1,,4,2,,3,3,,5,1,,2,2,2,,,,,,,,,3,1,2,,3,0,0,1,2,#REF!,#REF!,#REF!,#REF!,#REF!,#REF!,#REF!,#REF!,#REF!,#REF!,#REF!,#REF!,#REF!,#REF!,#REF!,#REF!,#REF!,,3,0,1,0,2,#REF!,#REF!,#REF!,#REF!,#REF!,#REF!,#REF!,#REF!,#REF!,#REF!,#REF!,#REF!,2,1,25,13,3,,2,1,25,13,3,,2,1,1,1,1,,4,1,,5,0,,3,2,0,,#REF!,#REF!,#REF!,#REF!,#REF!,#REF!,#REF!,#REF!,#REF!,#REF!,,,,,,,
,6,14,30,31,40,41,,2,2,2,1,2,1,,2,4,,2,4,,3,3,,2,2,2,,,,,,,,,2,2,2,,1,1,0,2,2,#REF!,#REF!,#REF!,#REF!,#REF!,#REF!,#REF!,#REF!,#REF!,#REF!,#REF!,#REF!,#REF!,#REF!,#REF!,#REF!,#REF!,,1,1,0,2,2,#REF!,#REF!,#REF!,#REF!,#REF!,#REF!,#REF!,#REF!,#REF!,#REF!,#REF!,#REF!,8,16,1,9,1,,8,16,1,9,1,,2,2,1,1,1,,3,2,,2,3,,0,4,1,,#REF!,#REF!,#REF!,#REF!,#REF!,#REF!,#REF!,#REF!,#REF!,#REF!,,,,,,,
,7,19,26,37,39,44,,1,1,2,1,1,2,,4,2,,2,4,,1,5,,3,2,1,,,,,,,,,1,2,3,,1,0,2,0,3,#REF!,#REF!,#REF!,#REF!,#REF!,#REF!,#REF!,#REF!,#REF!,#REF!,#REF!,#REF!,#REF!,#REF!,#REF!,#REF!,#REF!,,1,1,1,2,1,#REF!,#REF!,#REF!,#REF!,#REF!,#REF!,#REF!,#REF!,#REF!,#REF!,#REF!,#REF!,12,7,11,2,5,,12,7,11,2,5,,2,1,1,2,1,,3,2,,4,1,,4,0,1,,#REF!,#REF!,#REF!,#REF!,#REF!,#REF!,#REF!,#REF!,#REF!,#REF!,,,,,,,
,10,12,13,19,33,40,,2,2,1,1,1,2,,3,3,,4,2,,3,3,,2,2,2,,,,,,,,,3,1,2,,0,3,1,1,1,#REF!,#REF!,#REF!,#REF!,#REF!,#REF!,#REF!,#REF!,#REF!,#REF!,#REF!,#REF!,#REF!,#REF!,#REF!,#REF!,#REF!,,0,4,0,1,1,#REF!,#REF!,#REF!,#REF!,#REF!,#REF!,#REF!,#REF!,#REF!,#REF!,#REF!,#REF!,2,1,6,14,7,,2,1,6,14,7,,2,1,2,2,1,,2,3,,3,2,,2,2,1,,#REF!,#REF!,#REF!,#REF!,#REF!,#REF!,#REF!,#REF!,#REF!,#REF!,,,,,,,
,3,7,11,20,22,41,,1,1,1,2,2,1,,4,2,,5,1,,4,2,,4,2,0,,,,,,,,,3,2,1,,2,1,2,0,1,#REF!,#REF!,#REF!,#REF!,#REF!,#REF!,#REF!,#REF!,#REF!,#REF!,#REF!,#REF!,#REF!,#REF!,#REF!,#REF!,#REF!,,2,1,2,0,1,#REF!,#REF!,#REF!,#REF!,#REF!,#REF!,#REF!,#REF!,#REF!,#REF!,#REF!,#REF!,4,4,9,2,19,,4,4,9,2,19,,2,2,1,2,1,,2,3,,3,2,,2,2,1,,#REF!,#REF!,#REF!,#REF!,#REF!,#REF!,#REF!,#REF!,#REF!,#REF!,,,,,,,
,3,13,30,33,43,45,,1,1,2,1,1,1,,5,1,,2,4,,5,1,,3,0,3,,,,,,,,,2,1,3,,1,1,0,2,2,#REF!,#REF!,#REF!,#REF!,#REF!,#REF!,#REF!,#REF!,#REF!,#REF!,#REF!,#REF!,#REF!,#REF!,#REF!,#REF!,#REF!,,1,1,0,2,2,#REF!,#REF!,#REF!,#REF!,#REF!,#REF!,#REF!,#REF!,#REF!,#REF!,#REF!,#REF!,10,17,3,10,2,,10,17,3,10,2,,2,1,1,2,2,,2,3,,2,3,,3,2,0,,#REF!,#REF!,#REF!,#REF!,#REF!,#REF!,#REF!,#REF!,#REF!,#REF!,,,,,,,
,16,20,26,36,42,44,,2,2,2,2,2,2,,0,6,,2,4,,2,4,,0,4,2,,,,,,,,,0,3,3,,0,1,2,1,2,#REF!,#REF!,#REF!,#REF!,#REF!,#REF!,#REF!,#REF!,#REF!,#REF!,#REF!,#REF!,#REF!,#REF!,#REF!,#REF!,#REF!,,0,1,2,1,2,#REF!,#REF!,#REF!,#REF!,#REF!,#REF!,#REF!,#REF!,#REF!,#REF!,#REF!,#REF!,4,6,10,6,2,,4,6,10,6,2,,2,2,2,2,2,,0,5,,2,3,,1,2,2,,#REF!,#REF!,#REF!,#REF!,#REF!,#REF!,#REF!,#REF!,#REF!,#REF!,,,,,,,
,11,13,20,21,32,44,,1,1,2,1,2,2,,3,3,,4,2,,5,1,,2,3,1,,,,,,,,,2,2,2,,0,2,2,1,1,#REF!,#REF!,#REF!,#REF!,#REF!,#REF!,#REF!,#REF!,#REF!,#REF!,#REF!,#REF!,#REF!,#REF!,#REF!,#REF!,#REF!,,0,2,2,1,1,#REF!,#REF!,#REF!,#REF!,#REF!,#REF!,#REF!,#REF!,#REF!,#REF!,#REF!,#REF!,2,7,1,11,12,,2,7,1,11,12,,2,1,1,1,2,,3,2,,4,1,,3,1,1,,#REF!,#REF!,#REF!,#REF!,#REF!,#REF!,#REF!,#REF!,#REF!,#REF!,,,,,,,
,10,16,19,32,33,38,,2,2,1,2,1,2,,2,4,,3,3,,2,4,,1,4,1,,,,,,,,,1,2,3,,0,2,1,2,1,#REF!,#REF!,#REF!,#REF!,#REF!,#REF!,#REF!,#REF!,#REF!,#REF!,#REF!,#REF!,#REF!,#REF!,#REF!,#REF!,#REF!,,0,3,0,3,0,#REF!,#REF!,#REF!,#REF!,#REF!,#REF!,#REF!,#REF!,#REF!,#REF!,#REF!,#REF!,6,3,13,1,5,,6,3,13,1,5,,2,1,1,1,1,,4,1,,4,1,,3,1,1,,#REF!,#REF!,#REF!,#REF!,#REF!,#REF!,#REF!,#REF!,#REF!,#REF!,,,,,,,
,7,12,23,32,34,36,,1,2,1,2,2,2,,2,4,,3,3,,4,2,,2,2,2,,,,,,,,,2,1,3,,1,1,1,3,0,#REF!,#REF!,#REF!,#REF!,#REF!,#REF!,#REF!,#REF!,#REF!,#REF!,#REF!,#REF!,#REF!,#REF!,#REF!,#REF!,#REF!,,1,1,1,3,0,#REF!,#REF!,#REF!,#REF!,#REF!,#REF!,#REF!,#REF!,#REF!,#REF!,#REF!,#REF!,5,11,9,2,2,,5,11,9,2,2,,1,1,1,2,2,,3,2,,4,1,,4,0,1,,#REF!,#REF!,#REF!,#REF!,#REF!,#REF!,#REF!,#REF!,#REF!,#REF!,,,,,,,
,15,16,17,25,30,31,,1,2,1,1,2,1,,4,2,,3,3,,3,3,,2,2,2,,,,,,,,,0,6,0,,0,3,1,2,0,#REF!,#REF!,#REF!,#REF!,#REF!,#REF!,#REF!,#REF!,#REF!,#REF!,#REF!,#REF!,#REF!,#REF!,#REF!,#REF!,#REF!,,0,3,1,2,0,#REF!,#REF!,#REF!,#REF!,#REF!,#REF!,#REF!,#REF!,#REF!,#REF!,#REF!,#REF!,1,1,8,5,1,,1,1,8,5,1,,1,1,2,1,1,,4,1,,4,1,,1,4,0,,#REF!,#REF!,#REF!,#REF!,#REF!,#REF!,#REF!,#REF!,#REF!,#REF!,,,,,,,
,3,4,9,30,33,36,,1,2,1,2,1,2,,3,3,,3,3,,3,3,,1,1,4,,,,,,,,,3,1,2,,3,0,0,3,0,#REF!,#REF!,#REF!,#REF!,#REF!,#REF!,#REF!,#REF!,#REF!,#REF!,#REF!,#REF!,#REF!,#REF!,#REF!,#REF!,#REF!,,3,0,0,3,0,#REF!,#REF!,#REF!,#REF!,#REF!,#REF!,#REF!,#REF!,#REF!,#REF!,#REF!,#REF!,1,5,21,3,3,,1,5,21,3,3,,1,1,1,1,1,,5,0,,5,0,,3,1,1,,#REF!,#REF!,#REF!,#REF!,#REF!,#REF!,#REF!,#REF!,#REF!,#REF!,,,,,,,
,11,13,14,15,16,45,,1,1,2,1,2,1,,4,2,,5,1,,5,1,,2,2,2,,,,,,,,,3,2,1,,0,5,0,0,1,#REF!,#REF!,#REF!,#REF!,#REF!,#REF!,#REF!,#REF!,#REF!,#REF!,#REF!,#REF!,#REF!,#REF!,#REF!,#REF!,#REF!,,0,5,0,0,1,#REF!,#REF!,#REF!,#REF!,#REF!,#REF!,#REF!,#REF!,#REF!,#REF!,#REF!,#REF!,2,1,1,1,29,,2,1,1,1,29,,2,1,1,1,1,,4,1,,4,1,,2,3,0,,#REF!,#REF!,#REF!,#REF!,#REF!,#REF!,#REF!,#REF!,#REF!,#REF!,,,,,,,
,1,9,12,13,20,45,,1,1,2,1,2,1,,4,2,,5,1,,4,2,,1,2,3,,,,,,,,,4,1,1,,2,2,1,0,1,#REF!,#REF!,#REF!,#REF!,#REF!,#REF!,#REF!,#REF!,#REF!,#REF!,#REF!,#REF!,#REF!,#REF!,#REF!,#REF!,#REF!,,2,2,1,0,1,#REF!,#REF!,#REF!,#REF!,#REF!,#REF!,#REF!,#REF!,#REF!,#REF!,#REF!,#REF!,8,3,1,7,25,,8,3,1,7,25,,2,1,1,1,1,,4,1,,3,2,,2,3,0,,#REF!,#REF!,#REF!,#REF!,#REF!,#REF!,#REF!,#REF!,#REF!,#REF!,,,,,,,
,2,19,26,31,38,41,,2,1,2,1,2,1,,3,3,,2,4,,3,3,,4,2,0,,,,,,,,,1,3,2,,1,0,2,1,2,#REF!,#REF!,#REF!,#REF!,#REF!,#REF!,#REF!,#REF!,#REF!,#REF!,#REF!,#REF!,#REF!,#REF!,#REF!,#REF!,#REF!,,1,1,1,2,1,#REF!,#REF!,#REF!,#REF!,#REF!,#REF!,#REF!,#REF!,#REF!,#REF!,#REF!,#REF!,17,7,5,7,3,,17,7,5,7,3,,1,1,1,1,1,,5,0,,2,3,,5,0,0,,#REF!,#REF!,#REF!,#REF!,#REF!,#REF!,#REF!,#REF!,#REF!,#REF!,,,,,,,
,6,24,31,32,38,44,,2,2,1,2,2,2,,1,5,,1,5,,4,2,,1,3,2,,,,,,,,,1,2,3,,1,0,1,2,2,#REF!,#REF!,#REF!,#REF!,#REF!,#REF!,#REF!,#REF!,#REF!,#REF!,#REF!,#REF!,#REF!,#REF!,#REF!,#REF!,#REF!,,1,0,1,3,1,#REF!,#REF!,#REF!,#REF!,#REF!,#REF!,#REF!,#REF!,#REF!,#REF!,#REF!,#REF!,18,7,1,6,6,,18,7,1,6,6,,2,1,1,2,2,,2,3,,1,4,,1,1,3,,#REF!,#REF!,#REF!,#REF!,#REF!,#REF!,#REF!,#REF!,#REF!,#REF!,,,,,,,
,3,6,21,30,34,35,,1,2,1,2,2,1,,3,3,,3,3,,4,2,,1,2,3,,,,,,,,,2,2,2,,2,0,1,3,0,#REF!,#REF!,#REF!,#REF!,#REF!,#REF!,#REF!,#REF!,#REF!,#REF!,#REF!,#REF!,#REF!,#REF!,#REF!,#REF!,#REF!,,2,0,1,3,0,#REF!,#REF!,#REF!,#REF!,#REF!,#REF!,#REF!,#REF!,#REF!,#REF!,#REF!,#REF!,3,15,9,4,1,,3,15,9,4,1,,1,1,1,2,1,,4,1,,4,1,,1,2,2,,#REF!,#REF!,#REF!,#REF!,#REF!,#REF!,#REF!,#REF!,#REF!,#REF!,,,,,,,
,13,19,21,24,34,35,,1,1,1,2,2,1,,4,2,,3,3,,5,1,,2,2,2,,,,,,,,,1,3,2,,0,1,3,2,0,#REF!,#REF!,#REF!,#REF!,#REF!,#REF!,#REF!,#REF!,#REF!,#REF!,#REF!,#REF!,#REF!,#REF!,#REF!,#REF!,#REF!,,0,2,2,2,0,#REF!,#REF!,#REF!,#REF!,#REF!,#REF!,#REF!,#REF!,#REF!,#REF!,#REF!,#REF!,6,2,3,10,1,,6,2,3,10,1,,2,2,1,2,1,,2,3,,3,2,,2,2,1,,#REF!,#REF!,#REF!,#REF!,#REF!,#REF!,#REF!,#REF!,#REF!,#REF!,,,,,,,
,3,8,17,30,33,34,,1,2,1,2,1,2,,3,3,,3,3,,3,3,,2,2,2,,,,,,,,,2,2,2,,2,1,0,3,0,#REF!,#REF!,#REF!,#REF!,#REF!,#REF!,#REF!,#REF!,#REF!,#REF!,#REF!,#REF!,#REF!,#REF!,#REF!,#REF!,#REF!,,2,1,0,3,0,#REF!,#REF!,#REF!,#REF!,#REF!,#REF!,#REF!,#REF!,#REF!,#REF!,#REF!,#REF!,5,9,13,3,1,,5,9,13,3,1,,1,1,1,1,1,,5,0,,4,1,,3,1,1,,#REF!,#REF!,#REF!,#REF!,#REF!,#REF!,#REF!,#REF!,#REF!,#REF!,,소,배,소,소,자,
,6,14,25,33,40,44,,2,2,1,1,2,2,,2,4,,2,4,,4,2,,0,4,2,,배,자,자,배,자,자,,2,1,3,,1,1,1,1,2,#REF!,#REF!,#REF!,#REF!,#REF!,#REF!,#REF!,#REF!,#REF!,#REF!,#REF!,#REF!,#REF!,#REF!,#REF!,#REF!,#REF!,,1,1,1,1,2,#REF!,#REF!,#REF!,#REF!,#REF!,#REF!,#REF!,#REF!,#REF!,#REF!,#REF!,#REF!,8,11,8,7,4,,8,11,8,7,4,,2,1,2,1,2,,2,3,,2,3,,2,3,0,,#REF!,#REF!,#REF!,#REF!,#REF!,#REF!,#REF!,#REF!,#REF!,#REF!,,자,소,자,소,자,
,4,5,9,11,37,40,,2,1,1,1,1,2,,4,2,,4,2,,3,3,,3,2,1,,자,소,배,소,소,자,,4,0,2,,3,1,0,0,2,#REF!,#REF!,#REF!,#REF!,#REF!,#REF!,#REF!,#REF!,#REF!,#REF!,#REF!,#REF!,#REF!,#REF!,#REF!,#REF!,#REF!,,3,1,0,1,1,#REF!,#REF!,#REF!,#REF!,#REF!,#REF!,#REF!,#REF!,#REF!,#REF!,#REF!,#REF!,1,4,2,26,3,,1,4,2,26,3,,1,2,2,2,1,,2,3,,4,1,,2,3,0,,#REF!,#REF!,#REF!,#REF!,#REF!,#REF!,#REF!,#REF!,#REF!,#REF!,,자,자,소,자,소,
,10,15,24,30,31,37,,2,1,2,2,1,1,,3,3,,2,4,,3,3,,2,1,3,,자,배,배,배,소,소,,1,4,1,,0,2,1,2,1,#REF!,#REF!,#REF!,#REF!,#REF!,#REF!,#REF!,#REF!,#REF!,#REF!,#REF!,#REF!,#REF!,#REF!,#REF!,#REF!,#REF!,,0,2,1,3,0,#REF!,#REF!,#REF!,#REF!,#REF!,#REF!,#REF!,#REF!,#REF!,#REF!,#REF!,#REF!,5,9,6,1,6,,5,9,6,1,6,,1,1,2,1,2,,3,2,,2,3,,1,1,3,,#REF!,#REF!,#REF!,#REF!,#REF!,#REF!,#REF!,#REF!,#REF!,#REF!,,소,배,배,자,배,
,1,5,8,16,28,33,,1,1,2,2,2,1,,3,3,,4,2,,3,3,,1,4,1,,자,소,자,자,자,배,,3,2,1,,3,1,0,2,0,#REF!,#REF!,#REF!,#REF!,#REF!,#REF!,#REF!,#REF!,#REF!,#REF!,#REF!,#REF!,#REF!,#REF!,#REF!,#REF!,#REF!,,3,1,1,1,0,#REF!,#REF!,#REF!,#REF!,#REF!,#REF!,#REF!,#REF!,#REF!,#REF!,#REF!,#REF!,4,3,8,12,5,,4,3,8,12,5,,2,1,2,2,1,,2,3,,4,1,,2,2,1,,#REF!,#REF!,#REF!,#REF!,#REF!,#REF!,#REF!,#REF!,#REF!,#REF!,,자,소,자,배,소,
,5,10,11,17,28,34,,1,2,1,1,2,2,,3,3,,4,2,,3,3,,3,3,0,,소,자,소,소,자,자,,3,2,1,,1,3,0,2,0,#REF!,#REF!,#REF!,#REF!,#REF!,#REF!,#REF!,#REF!,#REF!,#REF!,#REF!,#REF!,#REF!,#REF!,#REF!,#REF!,#REF!,,1,3,1,1,0,#REF!,#REF!,#REF!,#REF!,#REF!,#REF!,#REF!,#REF!,#REF!,#REF!,#REF!,#REF!,5,1,6,11,6,,5,1,6,11,6,,1,1,2,1,2,,3,2,,3,2,,2,1,2,,#REF!,#REF!,#REF!,#REF!,#REF!,#REF!,#REF!,#REF!,#REF!,#REF!,,소,자,배,소,배,
,15,19,21,25,27,28,,1,1,1,1,1,2,,5,1,,3,3,,3,3,,1,2,3,,배,소,배,자,배,자,,0,6,0,,0,1,4,1,0,#REF!,#REF!,#REF!,#REF!,#REF!,#REF!,#REF!,#REF!,#REF!,#REF!,#REF!,#REF!,#REF!,#REF!,#REF!,#REF!,#REF!,,0,2,4,0,0,#REF!,#REF!,#REF!,#REF!,#REF!,#REF!,#REF!,#REF!,#REF!,#REF!,#REF!,#REF!,4,2,4,2,1,,4,2,4,2,1,,2,2,2,2,1,,1,4,,5,0,,2,3,0,,#REF!,#REF!,#REF!,#REF!,#REF!,#REF!,#REF!,#REF!,#REF!,#REF!,,자,소,자,소,자,
,1,2,6,14,27,38,,1,2,2,2,1,2,,2,4,,4,2,,3,3,,1,3,2,,자,소,배,자,배,자,,4,1,1,,3,1,1,0,1,#REF!,#REF!,#REF!,#REF!,#REF!,#REF!,#REF!,#REF!,#REF!,#REF!,#REF!,#REF!,#REF!,#REF!,#REF!,#REF!,#REF!,,3,1,1,1,0,#REF!,#REF!,#REF!,#REF!,#REF!,#REF!,#REF!,#REF!,#REF!,#REF!,#REF!,#REF!,1,4,8,13,11,,1,4,8,13,11,,1,2,2,1,1,,3,2,,4,1,,2,3,0,,#REF!,#REF!,#REF!,#REF!,#REF!,#REF!,#REF!,#REF!,#REF!,#REF!,,자,자,자,소,소,
,6,7,19,28,34,41,,2,1,1,2,2,1,,3,3,,3,3,,2,4,,3,2,1,,배,소,소,자,자,소,,2,2,2,,2,0,1,2,1,#REF!,#REF!,#REF!,#REF!,#REF!,#REF!,#REF!,#REF!,#REF!,#REF!,#REF!,#REF!,#REF!,#REF!,#REF!,#REF!,#REF!,,2,1,1,1,1,#REF!,#REF!,#REF!,#REF!,#REF!,#REF!,#REF!,#REF!,#REF!,#REF!,#REF!,#REF!,1,12,9,6,7,,1,12,9,6,7,,1,2,1,2,1,,3,2,,2,3,,1,1,3,,#REF!,#REF!,#REF!,#REF!,#REF!,#REF!,#REF!,#REF!,#REF!,#REF!,,자,배,배,배,소,
,13,14,20,28,29,34,,1,2,2,2,1,2,,2,4,,3,3,,3,3,,2,4,0,,소,자,자,자,소,자,,2,3,1,,0,2,1,3,0,#REF!,#REF!,#REF!,#REF!,#REF!,#REF!,#REF!,#REF!,#REF!,#REF!,#REF!,#REF!,#REF!,#REF!,#REF!,#REF!,#REF!,,0,2,3,1,0,#REF!,#REF!,#REF!,#REF!,#REF!,#REF!,#REF!,#REF!,#REF!,#REF!,#REF!,#REF!,1,6,8,1,5,,1,6,8,1,5,,1,2,2,1,1,,3,2,,3,2,,1,3,1,,#REF!,#REF!,#REF!,#REF!,#REF!,#REF!,#REF!,#REF!,#REF!,#REF!,,자,배,자,자,소,
,3,7,9,13,19,24,,1,1,1,1,1,2,,5,1,,5,1,,3,3,,4,0,2,,소,소,배,소,소,배,,4,2,0,,3,1,2,0,0,#REF!,#REF!,#REF!,#REF!,#REF!,#REF!,#REF!,#REF!,#REF!,#REF!,#REF!,#REF!,#REF!,#REF!,#REF!,#REF!,#REF!,,3,2,1,0,0,#REF!,#REF!,#REF!,#REF!,#REF!,#REF!,#REF!,#REF!,#REF!,#REF!,#REF!,#REF!,4,2,4,6,5,,4,2,4,6,5,,2,2,2,2,1,,1,4,,4,1,,2,2,1,,#REF!,#REF!,#REF!,#REF!,#REF!,#REF!,#REF!,#REF!,#REF!,#REF!,,자,소,자,배,소,
,1,6,13,19,21,33,,1,2,1,1,1,1,,5,1,,5,1,,4,2,,2,1,3,,자,배,소,소,배,배,,3,2,1,,2,1,2,1,0,#REF!,#REF!,#REF!,#REF!,#REF!,#REF!,#REF!,#REF!,#REF!,#REF!,#REF!,#REF!,#REF!,#REF!,#REF!,#REF!,#REF!,,2,2,1,1,0,#REF!,#REF!,#REF!,#REF!,#REF!,#REF!,#REF!,#REF!,#REF!,#REF!,#REF!,#REF!,5,7,6,2,12,,5,7,6,2,12,,1,1,2,2,2,,2,3,,3,2,,3,0,2,,#REF!,#REF!,#REF!,#REF!,#REF!,#REF!,#REF!,#REF!,#REF!,#REF!,,소,소,배,소,배,
,21,33,35,38,42,44,,1,1,1,2,2,2,,3,3,,1,5,,5,1,,0,3,3,,배,배,자,자,배,자,,0,1,5,,0,0,1,2,3,#REF!,#REF!,#REF!,#REF!,#REF!,#REF!,#REF!,#REF!,#REF!,#REF!,#REF!,#REF!,#REF!,#REF!,#REF!,#REF!,#REF!,,0,0,1,3,2,#REF!,#REF!,#REF!,#REF!,#REF!,#REF!,#REF!,#REF!,#REF!,#REF!,#REF!,#REF!,12,2,3,4,2,,12,2,3,4,2,,2,2,1,2,2,,1,4,,5,0,,3,1,1,,#REF!,#REF!,#REF!,#REF!,#REF!,#REF!,#REF!,#REF!,#REF!,#REF!,,배,소,소,자,소,
,4,9,12,15,33,45,,2,1,2,1,1,1,,4,2,,4,2,,5,1,,0,1,5,,자,배,배,배,배,배,,3,1,2,,2,2,0,1,1,#REF!,#REF!,#REF!,#REF!,#REF!,#REF!,#REF!,#REF!,#REF!,#REF!,#REF!,#REF!,#REF!,#REF!,#REF!,#REF!,#REF!,,2,2,0,1,1,#REF!,#REF!,#REF!,#REF!,#REF!,#REF!,#REF!,#REF!,#REF!,#REF!,#REF!,#REF!,5,3,3,18,12,,5,3,3,18,12,,1,1,1,2,2,,3,2,,4,1,,3,0,2,,#REF!,#REF!,#REF!,#REF!,#REF!,#REF!,#REF!,#REF!,#REF!,#REF!,,소,소,소,배,배,
,14,16,19,20,29,34,,2,2,1,2,1,2,,2,4,,4,2,,2,4,,2,4,0,,자,자,소,자,소,자,,1,4,1,,0,2,2,2,0,#REF!,#REF!,#REF!,#REF!,#REF!,#REF!,#REF!,#REF!,#REF!,#REF!,#REF!,#REF!,#REF!,#REF!,#REF!,#REF!,#REF!,,0,3,2,1,0,#REF!,#REF!,#REF!,#REF!,#REF!,#REF!,#REF!,#REF!,#REF!,#REF!,#REF!,#REF!,2,3,1,9,5,,2,3,1,9,5,,2,1,1,1,1,,4,1,,4,1,,3,1,1,,#REF!,#REF!,#REF!,#REF!,#REF!,#REF!,#REF!,#REF!,#REF!,#REF!,,소,소,자,배,소,
,5,12,15,30,37,40,,1,2,1,2,1,2,,3,3,,3,3,,3,3,,2,1,3,,소,배,배,배,소,자,,2,2,2,,1,2,0,1,2,#REF!,#REF!,#REF!,#REF!,#REF!,#REF!,#REF!,#REF!,#REF!,#REF!,#REF!,#REF!,#REF!,#REF!,#REF!,#REF!,#REF!,,1,2,0,2,1,#REF!,#REF!,#REF!,#REF!,#REF!,#REF!,#REF!,#REF!,#REF!,#REF!,#REF!,#REF!,7,3,15,7,3,,7,3,15,7,3,,1,1,1,1,1,,5,0,,3,2,,4,0,1,,#REF!,#REF!,#REF!,#REF!,#REF!,#REF!,#REF!,#REF!,#REF!,#REF!,,소,소,배,소,소,
,7,10,22,29,31,38,,1,2,2,1,1,2,,3,3,,3,3,,2,4,,3,3,0,,소,자,자,소,소,자,,2,3,1,,1,1,1,2,1,#REF!,#REF!,#REF!,#REF!,#REF!,#REF!,#REF!,#REF!,#REF!,#REF!,#REF!,#REF!,#REF!,#REF!,#REF!,#REF!,#REF!,,1,1,2,2,0,#REF!,#REF!,#REF!,#REF!,#REF!,#REF!,#REF!,#REF!,#REF!,#REF!,#REF!,#REF!,3,12,7,2,7,,3,12,7,2,7,,1,2,1,2,1,,3,2,,3,2,,4,0,1,,#REF!,#REF!,#REF!,#REF!,#REF!,#REF!,#REF!,#REF!,#REF!,#REF!,,소,배,소,소,소,
,7,11,12,21,26,35,,1,1,2,1,2,1,,4,2,,4,2,,4,2,,2,2,2,,소,소,배,배,자,자,,3,2,1,,1,2,2,1,0,#REF!,#REF!,#REF!,#REF!,#REF!,#REF!,#REF!,#REF!,#REF!,#REF!,#REF!,#REF!,#REF!,#REF!,#REF!,#REF!,#REF!,,1,2,2,1,0,#REF!,#REF!,#REF!,#REF!,#REF!,#REF!,#REF!,#REF!,#REF!,#REF!,#REF!,#REF!,4,1,9,5,9,,4,1,9,5,9,,2,1,1,1,1,,4,1,,3,2,,1,2,2,,#REF!,#REF!,#REF!,#REF!,#REF!,#REF!,#REF!,#REF!,#REF!,#REF!,,자,자,배,소,배,
,2,8,28,30,37,41,,2,2,2,2,1,1,,2,4,,2,4,,2,4,,3,2,1,,소,자,자,배,소,소,,2,2,2,,2,0,0,2,2,#REF!,#REF!,#REF!,#REF!,#REF!,#REF!,#REF!,#REF!,#REF!,#REF!,#REF!,#REF!,#REF!,#REF!,#REF!,#REF!,#REF!,,2,0,1,2,1,#REF!,#REF!,#REF!,#REF!,#REF!,#REF!,#REF!,#REF!,#REF!,#REF!,#REF!,#REF!,6,20,2,7,4,,6,20,2,7,4,,2,2,2,1,2,,1,4,,2,3,,2,2,1,,#REF!,#REF!,#REF!,#REF!,#REF!,#REF!,#REF!,#REF!,#REF!,#REF!,,배,자,소,소,자,
,10,16,17,27,28,36,,2,2,1,1,2,2,,2,4,,3,3,,0,6,,1,3,2,,자,자,소,배,자,배,,1,4,1,,0,3,1,2,0,#REF!,#REF!,#REF!,#REF!,#REF!,#REF!,#REF!,#REF!,#REF!,#REF!,#REF!,#REF!,#REF!,#REF!,#REF!,#REF!,#REF!,,0,3,2,1,0,#REF!,#REF!,#REF!,#REF!,#REF!,#REF!,#REF!,#REF!,#REF!,#REF!,#REF!,#REF!,6,1,10,1,8,,6,1,10,1,8,,2,1,2,1,2,,2,3,,2,3,,0,4,1,,#REF!,#REF!,#REF!,#REF!,#REF!,#REF!,#REF!,#REF!,#REF!,#REF!,,배,자,자,자,자,
,3,4,12,15,26,34,,1,2,2,1,2,2,,2,4,,4,2,,5,1,,1,3,2,,소,자,배,배,자,자,,3,2,1,,2,2,1,1,0,#REF!,#REF!,#REF!,#REF!,#REF!,#REF!,#REF!,#REF!,#REF!,#REF!,#REF!,#REF!,#REF!,#REF!,#REF!,#REF!,#REF!,,2,2,1,1,0,#REF!,#REF!,#REF!,#REF!,#REF!,#REF!,#REF!,#REF!,#REF!,#REF!,#REF!,#REF!,1,8,3,11,8,,1,8,3,11,8,,1,2,1,1,2,,3,2,,3,2,,2,3,0,,#REF!,#REF!,#REF!,#REF!,#REF!,#REF!,#REF!,#REF!,#REF!,#REF!,,자,자,소,소,자,
,2,11,31,33,37,44,,2,1,1,1,1,2,,4,2,,2,4,,5,1,,4,1,1,,소,소,소,배,소,자,,2,1,3,,1,1,0,2,2,#REF!,#REF!,#REF!,#REF!,#REF!,#REF!,#REF!,#REF!,#REF!,#REF!,#REF!,#REF!,#REF!,#REF!,#REF!,#REF!,#REF!,,1,1,0,3,1,#REF!,#REF!,#REF!,#REF!,#REF!,#REF!,#REF!,#REF!,#REF!,#REF!,#REF!,#REF!,9,20,2,4,7,,9,20,2,4,7,,1,2,2,2,1,,2,3,,2,3,,2,2,1,,#REF!,#REF!,#REF!,#REF!,#REF!,#REF!,#REF!,#REF!,#REF!,#REF!,,배,자,소,자,소,
,6,11,17,19,40,43,,2,1,1,1,2,1,,4,2,,4,2,,2,4,,4,1,1,,배,소,소,소,자,소,,2,2,2,,1,2,1,0,2,#REF!,#REF!,#REF!,#REF!,#REF!,#REF!,#REF!,#REF!,#REF!,#REF!,#REF!,#REF!,#REF!,#REF!,#REF!,#REF!,#REF!,,1,3,0,0,2,#REF!,#REF!,#REF!,#REF!,#REF!,#REF!,#REF!,#REF!,#REF!,#REF!,#REF!,#REF!,5,6,2,21,3,,5,6,2,21,3,,1,2,2,1,1,,3,2,,4,1,,3,0,2,,#REF!,#REF!,#REF!,#REF!,#REF!,#REF!,#REF!,#REF!,#REF!,#REF!,,소,배,소,배,소,
,7,11,24,26,27,37,,1,1,2,2,1,1,,4,2,,2,4,,2,4,,3,1,2,,소,소,배,자,배,소,,2,3,1,,1,1,3,0,1,#REF!,#REF!,#REF!,#REF!,#REF!,#REF!,#REF!,#REF!,#REF!,#REF!,#REF!,#REF!,#REF!,#REF!,#REF!,#REF!,#REF!,,1,1,3,1,0,#REF!,#REF!,#REF!,#REF!,#REF!,#REF!,#REF!,#REF!,#REF!,#REF!,#REF!,#REF!,4,13,2,1,10,,4,13,2,1,10,,2,1,2,1,2,,2,3,,4,1,,2,3,0,,#REF!,#REF!,#REF!,#REF!,#REF!,#REF!,#REF!,#REF!,#REF!,#REF!,,자,소,소,자,자,
,3,6,13,15,16,22,,1,2,1,1,2,2,,3,3,,6,0,,4,2,,2,2,2,,소,배,소,배,자,자,,3,3,0,,2,3,1,0,0,#REF!,#REF!,#REF!,#REF!,#REF!,#REF!,#REF!,#REF!,#REF!,#REF!,#REF!,#REF!,#REF!,#REF!,#REF!,#REF!,#REF!,,2,3,1,0,0,#REF!,#REF!,#REF!,#REF!,#REF!,#REF!,#REF!,#REF!,#REF!,#REF!,#REF!,#REF!,3,7,2,1,6,,3,7,2,1,6,,1,1,2,1,2,,3,2,,3,2,,3,1,1,,#REF!,#REF!,#REF!,#REF!,#REF!,#REF!,#REF!,#REF!,#REF!,#REF!,,소,소,소,자,배,
,8,15,19,21,32,36,,2,1,1,1,2,2,,3,3,,4,2,,3,3,,1,2,3,,자,배,소,배,자,배,,1,3,2,,1,1,2,2,0,#REF!,#REF!,#REF!,#REF!,#REF!,#REF!,#REF!,#REF!,#REF!,#REF!,#REF!,#REF!,#REF!,#REF!,#REF!,#REF!,#REF!,,1,2,1,2,0,#REF!,#REF!,#REF!,#REF!,#REF!,#REF!,#REF!,#REF!,#REF!,#REF!,#REF!,#REF!,7,4,2,11,4,,7,4,2,11,4,,1,2,2,1,2,,2,3,,4,1,,3,2,0,,#REF!,#REF!,#REF!,#REF!,#REF!,#REF!,#REF!,#REF!,#REF!,#REF!,,소,자,소,소,자,
,8,9,18,35,39,45,,2,1,2,1,1,1,,4,2,,3,3,,2,4,,0,2,4,,자,배,배,자,배,배,,2,1,3,,2,1,0,1,2,#REF!,#REF!,#REF!,#REF!,#REF!,#REF!,#REF!,#REF!,#REF!,#REF!,#REF!,#REF!,#REF!,#REF!,#REF!,#REF!,#REF!,,2,1,0,2,1,#REF!,#REF!,#REF!,#REF!,#REF!,#REF!,#REF!,#REF!,#REF!,#REF!,#REF!,#REF!,1,9,17,4,6,,1,9,17,4,6,,1,1,1,2,2,,3,2,,2,3,,1,2,2,,#REF!,#REF!,#REF!,#REF!,#REF!,#REF!,#REF!,#REF!,#REF!,#REF!,,자,배,소,자,배,
,2,3,9,15,27,29,,2,1,1,1,1,1,,5,1,,4,2,,3,3,,3,0,3,,소,소,배,배,배,소,,3,3,0,,3,1,1,1,0,#REF!,#REF!,#REF!,#REF!,#REF!,#REF!,#REF!,#REF!,#REF!,#REF!,#REF!,#REF!,#REF!,#REF!,#REF!,#REF!,#REF!,,3,1,2,0,0,#REF!,#REF!,#REF!,#REF!,#REF!,#REF!,#REF!,#REF!,#REF!,#REF!,#REF!,#REF!,1,6,6,12,2,,1,6,6,12,2,,1,2,2,2,2,,1,4,,3,2,,1,1,3,,#REF!,#REF!,#REF!,#REF!,#REF!,#REF!,#REF!,#REF!,#REF!,#REF!,,자,배,배,배,소,
,30,31,32,35,36,37,,2,1,2,1,2,1,,3,3,,0,6,,3,3,,2,2,2,,배,소,자,자,배,소,,0,2,4,,0,0,0,5,1,#REF!,#REF!,#REF!,#REF!,#REF!,#REF!,#REF!,#REF!,#REF!,#REF!,#REF!,#REF!,#REF!,#REF!,#REF!,#REF!,#REF!,,0,0,0,6,0,#REF!,#REF!,#REF!,#REF!,#REF!,#REF!,#REF!,#REF!,#REF!,#REF!,#REF!,#REF!,1,1,3,1,1,,1,1,3,1,1,,1,1,1,1,1,,5,0,,5,0,,1,4,0,,#REF!,#REF!,#REF!,#REF!,#REF!,#REF!,#REF!,#REF!,#REF!,#REF!,,자,자,소,자,자,
,1,9,10,13,35,44,,1,1,2,1,1,2,,4,2,,4,2,,4,2,,1,4,1,,자,배,자,소,자,자,,4,0,2,,2,2,0,1,1,#REF!,#REF!,#REF!,#REF!,#REF!,#REF!,#REF!,#REF!,#REF!,#REF!,#REF!,#REF!,#REF!,#REF!,#REF!,#REF!,#REF!,,2,2,0,1,1,#REF!,#REF!,#REF!,#REF!,#REF!,#REF!,#REF!,#REF!,#REF!,#REF!,#REF!,#REF!,8,1,3,22,9,,8,1,3,22,9,,2,1,1,2,1,,3,2,,3,2,,1,3,1,,#REF!,#REF!,#REF!,#REF!,#REF!,#REF!,#REF!,#REF!,#REF!,#REF!,,자,자,소,자,배,
,4,8,22,26,32,38,,2,2,2,2,2,2,,0,6,,3,3,,3,3,,0,6,0,,자,자,자,자,자,자,,2,2,2,,2,0,2,1,1,#REF!,#REF!,#REF!,#REF!,#REF!,#REF!,#REF!,#REF!,#REF!,#REF!,#REF!,#REF!,#REF!,#REF!,#REF!,#REF!,#REF!,,2,0,2,2,0,#REF!,#REF!,#REF!,#REF!,#REF!,#REF!,#REF!,#REF!,#REF!,#REF!,#REF!,#REF!,4,14,4,6,6,,4,14,4,6,6,,2,2,2,2,2,,0,5,,3,2,,0,3,2,,#REF!,#REF!,#REF!,#REF!,#REF!,#REF!,#REF!,#REF!,#REF!,#REF!,,자,자,자,배,배,
,10,16,19,27,37,38,,2,2,1,1,1,2,,3,3,,3,3,,0,6,,2,3,1,,자,자,소,배,소,자,,1,3,2,,0,2,2,0,2,#REF!,#REF!,#REF!,#REF!,#REF!,#REF!,#REF!,#REF!,#REF!,#REF!,#REF!,#REF!,#REF!,#REF!,#REF!,#REF!,#REF!,,0,3,1,2,0,#REF!,#REF!,#REF!,#REF!,#REF!,#REF!,#REF!,#REF!,#REF!,#REF!,#REF!,#REF!,6,3,8,10,1,,6,3,8,10,1,,2,1,2,2,1,,2,3,,2,3,,1,3,1,,#REF!,#REF!,#REF!,#REF!,#REF!,#REF!,#REF!,#REF!,#REF!,#REF!,,배,소,자,자,자,
,30,31,34,39,41,45,,2,1,2,1,1,1,,4,2,,0,6,,4,2,,2,1,3,,배,소,자,배,소,배,,0,2,4,,0,0,0,3,3,#REF!,#REF!,#REF!,#REF!,#REF!,#REF!,#REF!,#REF!,#REF!,#REF!,#REF!,#REF!,#REF!,#REF!,#REF!,#REF!,#REF!,,0,0,0,4,2,#REF!,#REF!,#REF!,#REF!,#REF!,#REF!,#REF!,#REF!,#REF!,#REF!,#REF!,#REF!,1,3,5,2,4,,1,3,5,2,4,,1,1,1,2,2,,3,2,,5,0,,3,2,0,,#REF!,#REF!,#REF!,#REF!,#REF!,#REF!,#REF!,#REF!,#REF!,#REF!,,자,소,소,소,자,
,5,7,12,20,25,26,,1,1,2,2,1,2,,3,3,,4,2,,3,3,,2,3,1,,소,소,배,자,자,자,,3,3,0,,2,1,3,0,0,#REF!,#REF!,#REF!,#REF!,#REF!,#REF!,#REF!,#REF!,#REF!,#REF!,#REF!,#REF!,#REF!,#REF!,#REF!,#REF!,#REF!,,2,1,3,0,0,#REF!,#REF!,#REF!,#REF!,#REF!,#REF!,#REF!,#REF!,#REF!,#REF!,#REF!,#REF!,2,5,8,5,1,,2,5,8,5,1,,2,1,2,1,1,,3,2,,4,1,,3,2,0,,#REF!,#REF!,#REF!,#REF!,#REF!,#REF!,#REF!,#REF!,#REF!,#REF!,,소,소,자,소,자,
,21,25,27,32,37,38,,1,1,1,2,1,2,,4,2,,1,5,,3,3,,1,3,2,,배,자,배,자,소,자,,0,3,3,,0,0,3,1,2,#REF!,#REF!,#REF!,#REF!,#REF!,#REF!,#REF!,#REF!,#REF!,#REF!,#REF!,#REF!,#REF!,#REF!,#REF!,#REF!,#REF!,,0,0,3,3,0,#REF!,#REF!,#REF!,#REF!,#REF!,#REF!,#REF!,#REF!,#REF!,#REF!,#REF!,#REF!,4,2,5,5,1,,4,2,5,5,1,,2,2,1,1,1,,3,2,,5,0,,3,2,0,,#REF!,#REF!,#REF!,#REF!,#REF!,#REF!,#REF!,#REF!,#REF!,#REF!,,자,소,소,소,자,
,3,9,27,28,38,39,,1,1,1,2,2,1,,4,2,,2,4,,1,5,,1,2,3,,소,배,배,자,자,배,,2,2,2,,2,0,1,1,2,#REF!,#REF!,#REF!,#REF!,#REF!,#REF!,#REF!,#REF!,#REF!,#REF!,#REF!,#REF!,#REF!,#REF!,#REF!,#REF!,#REF!,,2,0,2,2,0,#REF!,#REF!,#REF!,#REF!,#REF!,#REF!,#REF!,#REF!,#REF!,#REF!,#REF!,#REF!,6,18,1,10,1,,6,18,1,10,1,,2,2,1,2,1,,2,3,,2,3,,0,3,2,,#REF!,#REF!,#REF!,#REF!,#REF!,#REF!,#REF!,#REF!,#REF!,#REF!,,배,배,자,자,자,
,7,13,18,36,39,45,,1,1,2,2,1,1,,4,2,,3,3,,2,4,,2,0,4,,소,소,배,배,배,배,,2,1,3,,1,2,0,1,2,#REF!,#REF!,#REF!,#REF!,#REF!,#REF!,#REF!,#REF!,#REF!,#REF!,#REF!,#REF!,#REF!,#REF!,#REF!,#REF!,#REF!,,1,2,0,2,1,#REF!,#REF!,#REF!,#REF!,#REF!,#REF!,#REF!,#REF!,#REF!,#REF!,#REF!,#REF!,6,5,18,3,6,,6,5,18,3,6,,2,1,2,1,2,,2,3,,2,3,,2,0,3,,#REF!,#REF!,#REF!,#REF!,#REF!,#REF!,#REF!,#REF!,#REF!,#REF!,,배,소,배,소,배,
,2,12,20,24,34,42,,2,2,2,2,2,2,,0,6,,3,3,,5,1,,1,2,3,,소,배,자,배,자,배,,2,2,2,,1,1,2,1,1,#REF!,#REF!,#REF!,#REF!,#REF!,#REF!,#REF!,#REF!,#REF!,#REF!,#REF!,#REF!,#REF!,#REF!,#REF!,#REF!,#REF!,,1,1,2,1,1,#REF!,#REF!,#REF!,#REF!,#REF!,#REF!,#REF!,#REF!,#REF!,#REF!,#REF!,#REF!,10,8,4,10,8,,10,8,4,10,8,,2,2,2,2,2,,0,5,,1,4,,0,5,0,,#REF!,#REF!,#REF!,#REF!,#REF!,#REF!,#REF!,#REF!,#REF!,#REF!,,자,자,자,자,자,
,20,21,22,25,28,29,,2,1,2,1,2,1,,3,3,,3,3,,3,3,,1,4,1,,자,배,자,자,자,소,,0,6,0,,0,0,4,2,0,#REF!,#REF!,#REF!,#REF!,#REF!,#REF!,#REF!,#REF!,#REF!,#REF!,#REF!,#REF!,#REF!,#REF!,#REF!,#REF!,#REF!,,0,0,6,0,0,#REF!,#REF!,#REF!,#REF!,#REF!,#REF!,#REF!,#REF!,#REF!,#REF!,#REF!,#REF!,1,1,3,3,1,,1,1,3,3,1,,1,1,1,1,1,,5,0,,5,0,,2,3,0,,#REF!,#REF!,#REF!,#REF!,#REF!,#REF!,#REF!,#REF!,#REF!,#REF!,,자,자,소,소,자,
,2,13,15,16,33,43,,2,1,1,2,1,1,,4,2,,4,2,,5,1,,3,1,2,,소,소,배,자,배,소,,2,2,2,,1,3,0,1,1,#REF!,#REF!,#REF!,#REF!,#REF!,#REF!,#REF!,#REF!,#REF!,#REF!,#REF!,#REF!,#REF!,#REF!,#REF!,#REF!,#REF!,,1,3,0,1,1,#REF!,#REF!,#REF!,#REF!,#REF!,#REF!,#REF!,#REF!,#REF!,#REF!,#REF!,#REF!,11,2,1,17,10,,11,2,1,17,10,,1,2,1,1,2,,3,2,,3,2,,3,2,0,,#REF!,#REF!,#REF!,#REF!,#REF!,#REF!,#REF!,#REF!,#REF!,#REF!,,소,소,자,소,자,
,17,18,23,25,38,39,,1,2,1,1,2,1,,4,2,,3,3,,2,4,,2,2,2,,소,배,소,자,자,배,,0,4,2,,0,2,2,0,2,#REF!,#REF!,#REF!,#REF!,#REF!,#REF!,#REF!,#REF!,#REF!,#REF!,#REF!,#REF!,#REF!,#REF!,#REF!,#REF!,#REF!,,0,2,2,2,0,#REF!,#REF!,#REF!,#REF!,#REF!,#REF!,#REF!,#REF!,#REF!,#REF!,#REF!,#REF!,1,5,2,13,1,,1,5,2,13,1,,1,1,2,1,1,,4,1,,5,0,,3,2,0,,#REF!,#REF!,#REF!,#REF!,#REF!,#REF!,#REF!,#REF!,#REF!,#REF!,,자,소,소,소,자,
,6,7,27,29,38,45,,2,1,1,1,2,1,,4,2,,2,4,,1,5,,2,1,3,,배,소,배,소,자,배,,2,2,2,,2,0,1,1,2,#REF!,#REF!,#REF!,#REF!,#REF!,#REF!,#REF!,#REF!,#REF!,#REF!,#REF!,#REF!,#REF!,#REF!,#REF!,#REF!,#REF!,,2,0,2,1,1,#REF!,#REF!,#REF!,#REF!,#REF!,#REF!,#REF!,#REF!,#REF!,#REF!,#REF!,#REF!,1,20,2,9,7,,1,20,2,9,7,,1,2,2,1,1,,3,2,,2,3,,2,2,1,,#REF!,#REF!,#REF!,#REF!,#REF!,#REF!,#REF!,#REF!,#REF!,#REF!,,자,자,소,배,소,
,14,23,25,27,29,42,,2,1,1,1,1,2,,4,2,,2,4,,4,2,,2,2,2,,자,소,자,배,소,배,,1,4,1,,0,1,3,1,1,#REF!,#REF!,#REF!,#REF!,#REF!,#REF!,#REF!,#REF!,#REF!,#REF!,#REF!,#REF!,#REF!,#REF!,#REF!,#REF!,#REF!,,0,1,4,0,1,#REF!,#REF!,#REF!,#REF!,#REF!,#REF!,#REF!,#REF!,#REF!,#REF!,#REF!,#REF!,9,2,2,2,13,,9,2,2,2,13,,1,2,2,2,1,,2,3,,4,1,,4,0,1,,#REF!,#REF!,#REF!,#REF!,#REF!,#REF!,#REF!,#REF!,#REF!,#REF!,,배,소,소,소,소,
,8,23,31,35,39,40,,2,1,1,1,1,2,,4,2,,2,4,,3,3,,2,3,1,,자,소,소,자,배,자,,1,2,3,,1,0,1,2,2,#REF!,#REF!,#REF!,#REF!,#REF!,#REF!,#REF!,#REF!,#REF!,#REF!,#REF!,#REF!,#REF!,#REF!,#REF!,#REF!,#REF!,,1,0,1,3,1,#REF!,#REF!,#REF!,#REF!,#REF!,#REF!,#REF!,#REF!,#REF!,#REF!,#REF!,#REF!,15,8,4,4,1,,15,8,4,4,1,,1,2,2,2,1,,2,3,,4,1,,0,4,1,,#REF!,#REF!,#REF!,#REF!,#REF!,#REF!,#REF!,#REF!,#REF!,#REF!,,배,자,자,자,자,
,9,21,24,30,33,37,,1,1,2,2,1,1,,4,2,,2,4,,3,3,,1,0,5,,배,배,배,배,배,소,,1,3,2,,1,0,2,2,1,#REF!,#REF!,#REF!,#REF!,#REF!,#REF!,#REF!,#REF!,#REF!,#REF!,#REF!,#REF!,#REF!,#REF!,#REF!,#REF!,#REF!,,1,0,2,3,0,#REF!,#REF!,#REF!,#REF!,#REF!,#REF!,#REF!,#REF!,#REF!,#REF!,#REF!,#REF!,12,3,6,3,4,,12,3,6,3,4,,2,1,2,1,2,,2,3,,4,1,,2,1,2,,#REF!,#REF!,#REF!,#REF!,#REF!,#REF!,#REF!,#REF!,#REF!,#REF!,,배,소,배,소,자,
,5,12,24,26,39,42,,1,2,2,2,1,2,,2,4,,2,4,,4,2,,1,1,4,,소,배,배,자,배,배,,2,2,2,,1,1,2,0,2,#REF!,#REF!,#REF!,#REF!,#REF!,#REF!,#REF!,#REF!,#REF!,#REF!,#REF!,#REF!,#REF!,#REF!,#REF!,#REF!,#REF!,,1,1,2,1,1,#REF!,#REF!,#REF!,#REF!,#REF!,#REF!,#REF!,#REF!,#REF!,#REF!,#REF!,#REF!,7,12,2,13,3,,7,12,2,13,3,,1,2,2,1,1,,3,2,,4,1,,4,0,1,,#REF!,#REF!,#REF!,#REF!,#REF!,#REF!,#REF!,#REF!,#REF!,#REF!,,소,배,소,소,소,
,3,13,28,34,38,42,,1,1,2,2,2,2,,2,4,,2,4,,4,2,,2,3,1,,소,소,자,자,자,배,,2,1,3,,1,1,0,2,2,#REF!,#REF!,#REF!,#REF!,#REF!,#REF!,#REF!,#REF!,#REF!,#REF!,#REF!,#REF!,#REF!,#REF!,#REF!,#REF!,#REF!,,1,1,1,2,1,#REF!,#REF!,#REF!,#REF!,#REF!,#REF!,#REF!,#REF!,#REF!,#REF!,#REF!,#REF!,10,15,6,4,4,,10,15,6,4,4,,2,1,2,2,2,,1,4,,3,2,,0,3,2,,#REF!,#REF!,#REF!,#REF!,#REF!,#REF!,#REF!,#REF!,#REF!,#REF!,,자,배,배,자,자,
,3,6,7,11,12,17,,1,2,1,1,2,1,,4,2,,6,0,,3,3,,4,0,2,,소,배,소,소,배,소,,5,1,0,,3,3,0,0,0,#REF!,#REF!,#REF!,#REF!,#REF!,#REF!,#REF!,#REF!,#REF!,#REF!,#REF!,#REF!,#REF!,#REF!,#REF!,#REF!,#REF!,,3,3,0,0,0,#REF!,#REF!,#REF!,#REF!,#REF!,#REF!,#REF!,#REF!,#REF!,#REF!,#REF!,#REF!,3,1,4,1,5,,3,1,4,1,5,,1,1,2,1,1,,4,1,,5,0,,2,3,0,,#REF!,#REF!,#REF!,#REF!,#REF!,#REF!,#REF!,#REF!,#REF!,#REF!,,소,자,자,자,소,
,7,9,24,40,42,44,,1,1,2,2,2,2,,2,4,,2,4,,3,3,,1,2,3,,소,배,배,자,배,자,,2,1,3,,2,0,1,0,3,#REF!,#REF!,#REF!,#REF!,#REF!,#REF!,#REF!,#REF!,#REF!,#REF!,#REF!,#REF!,#REF!,#REF!,#REF!,#REF!,#REF!,,2,0,1,0,3,#REF!,#REF!,#REF!,#REF!,#REF!,#REF!,#REF!,#REF!,#REF!,#REF!,#REF!,#REF!,2,15,16,2,2,,2,15,16,2,2,,2,1,2,2,2,,1,4,,4,1,,3,1,1,,#REF!,#REF!,#REF!,#REF!,#REF!,#REF!,#REF!,#REF!,#REF!,#REF!,,소,배,자,소,소,
,1,5,18,20,30,35,,1,1,2,2,2,1,,3,3,,4,2,,3,3,,1,3,2,,자,소,배,자,배,자,,2,3,1,,2,1,1,2,0,#REF!,#REF!,#REF!,#REF!,#REF!,#REF!,#REF!,#REF!,#REF!,#REF!,#REF!,#REF!,#REF!,#REF!,#REF!,#REF!,#REF!,,2,1,1,2,0,#REF!,#REF!,#REF!,#REF!,#REF!,#REF!,#REF!,#REF!,#REF!,#REF!,#REF!,#REF!,4,13,2,10,5,,4,13,2,10,5,,2,1,2,2,1,,2,3,,4,1,,3,2,0,,#REF!,#REF!,#REF!,#REF!,#REF!,#REF!,#REF!,#REF!,#REF!,#REF!,,자,소,소,자,소,
,8,11,14,17,36,39,,2,1,2,1,2,1,,3,3,,4,2,,2,4,,2,2,2,,자,소,자,소,배,배,,3,1,2,,1,3,0,1,1,#REF!,#REF!,#REF!,#REF!,#REF!,#REF!,#REF!,#REF!,#REF!,#REF!,#REF!,#REF!,#REF!,#REF!,#REF!,#REF!,#REF!,,1,3,0,2,0,#REF!,#REF!,#REF!,#REF!,#REF!,#REF!,#REF!,#REF!,#REF!,#REF!,#REF!,#REF!,3,3,3,19,3,,3,3,3,19,3,,1,1,1,1,1,,5,0,,4,1,,5,0,0,,#REF!,#REF!,#REF!,#REF!,#REF!,#REF!,#REF!,#REF!,#REF!,#REF!,,소,소,소,소,소,
,3,4,6,8,32,42,,1,2,2,2,2,2,,1,5,,4,2,,4,2,,1,3,2,,소,자,배,자,자,배,,4,0,2,,4,0,0,1,1,#REF!,#REF!,#REF!,#REF!,#REF!,#REF!,#REF!,#REF!,#REF!,#REF!,#REF!,#REF!,#REF!,#REF!,#REF!,#REF!,#REF!,,4,0,0,1,1,#REF!,#REF!,#REF!,#REF!,#REF!,#REF!,#REF!,#REF!,#REF!,#REF!,#REF!,#REF!,1,2,2,24,10,,1,2,2,24,10,,1,2,2,2,2,,1,4,,4,1,,2,2,1,,#REF!,#REF!,#REF!,#REF!,#REF!,#REF!,#REF!,#REF!,#REF!,#REF!,,자,소,소,배,자,
,7,9,11,21,30,35,,1,1,1,1,2,1,,5,1,,4,2,,3,3,,2,1,3,,소,배,소,배,배,자,,3,2,1,,2,1,1,2,0,#REF!,#REF!,#REF!,#REF!,#REF!,#REF!,#REF!,#REF!,#REF!,#REF!,#REF!,#REF!,#REF!,#REF!,#REF!,#REF!,#REF!,,2,1,1,2,0,#REF!,#REF!,#REF!,#REF!,#REF!,#REF!,#REF!,#REF!,#REF!,#REF!,#REF!,#REF!,2,2,10,9,5,,2,2,10,9,5,,2,2,2,1,1,,2,3,,3,2,,3,1,1,,#REF!,#REF!,#REF!,#REF!,#REF!,#REF!,#REF!,#REF!,#REF!,#REF!,,소,소,자,배,소,
,3,7,15,16,19,43,,1,1,1,2,1,1,,5,1,,5,1,,3,3,,4,1,1,,소,소,배,자,소,소,,2,3,1,,2,2,1,0,1,#REF!,#REF!,#REF!,#REF!,#REF!,#REF!,#REF!,#REF!,#REF!,#REF!,#REF!,#REF!,#REF!,#REF!,#REF!,#REF!,#REF!,,2,3,0,0,1,#REF!,#REF!,#REF!,#REF!,#REF!,#REF!,#REF!,#REF!,#REF!,#REF!,#REF!,#REF!,4,8,1,3,24,,4,8,1,3,24,,2,2,1,1,2,,2,3,,4,1,,1,3,1,,#REF!,#REF!,#REF!,#REF!,#REF!,#REF!,#REF!,#REF!,#REF!,#REF!,,자,자,자,소,배,
,5,6,11,27,43,44,,1,2,1,1,1,2,,4,2,,3,3,,4,2,,3,1,2,,소,배,소,배,소,자,,3,1,2,,2,1,1,0,2,#REF!,#REF!,#REF!,#REF!,#REF!,#REF!,#REF!,#REF!,#REF!,#REF!,#REF!,#REF!,#REF!,#REF!,#REF!,#REF!,#REF!,,2,1,1,0,2,#REF!,#REF!,#REF!,#REF!,#REF!,#REF!,#REF!,#REF!,#REF!,#REF!,#REF!,#REF!,1,5,16,16,1,,1,5,16,16,1,,1,1,2,2,1,,3,2,,3,2,,1,4,0,,#REF!,#REF!,#REF!,#REF!,#REF!,#REF!,#REF!,#REF!,#REF!,#REF!,,자,소,자,자,자,
,3,16,18,24,40,44,,1,2,2,2,2,2,,1,5,,3,3,,3,3,,1,3,2,,소,자,배,배,자,자,,1,3,2,,1,2,1,0,2,#REF!,#REF!,#REF!,#REF!,#REF!,#REF!,#REF!,#REF!,#REF!,#REF!,#REF!,#REF!,#REF!,#REF!,#REF!,#REF!,#REF!,,1,2,1,0,2,#REF!,#REF!,#REF!,#REF!,#REF!,#REF!,#REF!,#REF!,#REF!,#REF!,#REF!,#REF!,13,2,6,16,4,,13,2,6,16,4,,1,2,2,2,2,,1,4,,3,2,,2,2,1,,#REF!,#REF!,#REF!,#REF!,#REF!,#REF!,#REF!,#REF!,#REF!,#REF!,,소,소,배,자,자,
,6,12,18,37,40,41,,2,2,2,1,2,1,,2,4,,3,3,,2,4,,2,1,3,,배,배,배,소,자,소,,2,1,3,,1,2,0,0,3,#REF!,#REF!,#REF!,#REF!,#REF!,#REF!,#REF!,#REF!,#REF!,#REF!,#REF!,#REF!,#REF!,#REF!,#REF!,#REF!,#REF!,,1,2,0,1,2,#REF!,#REF!,#REF!,#REF!,#REF!,#REF!,#REF!,#REF!,#REF!,#REF!,#REF!,#REF!,6,6,19,3,1,,6,6,19,3,1,,2,2,1,1,1,,3,2,,2,3,,2,1,2,,#REF!,#REF!,#REF!,#REF!,#REF!,#REF!,#REF!,#REF!,#REF!,#REF!,,배,배,소,소,자,
,8,10,14,20,33,41,,2,2,2,2,1,1,,2,4,,4,2,,3,3,,1,4,1,,자,자,자,자,배,소,,3,1,2,,1,2,1,1,1,#REF!,#REF!,#REF!,#REF!,#REF!,#REF!,#REF!,#REF!,#REF!,#REF!,#REF!,#REF!,#REF!,#REF!,#REF!,#REF!,#REF!,,1,2,1,1,1,#REF!,#REF!,#REF!,#REF!,#REF!,#REF!,#REF!,#REF!,#REF!,#REF!,#REF!,#REF!,2,4,6,13,8,,2,4,6,13,8,,2,2,2,1,2,,1,4,,3,2,,2,2,1,,#REF!,#REF!,#REF!,#REF!,#REF!,#REF!,#REF!,#REF!,#REF!,#REF!,,소,자,배,소,자,
,1,13,21,25,28,31,,1,1,1,1,2,1,,5,1,,3,3,,5,1,,2,3,1,,자,소,배,자,자,소,,2,4,0,,1,1,2,2,0,#REF!,#REF!,#REF!,#REF!,#REF!,#REF!,#REF!,#REF!,#REF!,#REF!,#REF!,#REF!,#REF!,#REF!,#REF!,#REF!,#REF!,,1,1,3,1,0,#REF!,#REF!,#REF!,#REF!,#REF!,#REF!,#REF!,#REF!,#REF!,#REF!,#REF!,#REF!,12,8,4,3,3,,12,8,4,3,3,,2,2,2,1,1,,2,3,,4,1,,2,2,1,,#REF!,#REF!,#REF!,#REF!,#REF!,#REF!,#REF!,#REF!,#REF!,#REF!,,배,자,자,소,소,
,4,15,17,23,27,36,,2,1,1,1,1,2,,4,2,,4,2,,3,3,,2,1,3,,자,배,소,소,배,배,,1,4,1,,1,2,2,1,0,#REF!,#REF!,#REF!,#REF!,#REF!,#REF!,#REF!,#REF!,#REF!,#REF!,#REF!,#REF!,#REF!,#REF!,#REF!,#REF!,#REF!,,1,2,2,1,0,#REF!,#REF!,#REF!,#REF!,#REF!,#REF!,#REF!,#REF!,#REF!,#REF!,#REF!,#REF!,11,2,6,4,9,,11,2,6,4,9,,1,2,2,2,1,,2,3,,3,2,,2,1,2,,#REF!,#REF!,#REF!,#REF!,#REF!,#REF!,#REF!,#REF!,#REF!,#REF!,,소,소,배,자,배,
,14,16,23,25,31,37,,2,2,1,1,1,1,,4,2,,3,3,,4,2,,3,3,0,,자,자,소,자,소,소,,1,4,1,,0,2,2,1,1,#REF!,#REF!,#REF!,#REF!,#REF!,#REF!,#REF!,#REF!,#REF!,#REF!,#REF!,#REF!,#REF!,#REF!,#REF!,#REF!,#REF!,,0,2,2,2,0,#REF!,#REF!,#REF!,#REF!,#REF!,#REF!,#REF!,#REF!,#REF!,#REF!,#REF!,#REF!,2,7,2,6,6,,2,7,2,6,6,,2,1,2,2,2,,1,4,,2,3,,3,0,2,,#REF!,#REF!,#REF!,#REF!,#REF!,#REF!,#REF!,#REF!,#REF!,#REF!,,소,소,소,배,배,
,6,17,22,28,29,32,,2,1,2,2,1,2,,2,4,,3,3,,2,4,,2,3,1,,배,소,자,자,소,자,,1,4,1,,1,1,1,3,0,#REF!,#REF!,#REF!,#REF!,#REF!,#REF!,#REF!,#REF!,#REF!,#REF!,#REF!,#REF!,#REF!,#REF!,#REF!,#REF!,#REF!,,1,1,3,1,0,#REF!,#REF!,#REF!,#REF!,#REF!,#REF!,#REF!,#REF!,#REF!,#REF!,#REF!,#REF!,11,5,6,1,3,,11,5,6,1,3,,1,1,2,1,1,,4,1,,4,1,,3,1,1,,#REF!,#REF!,#REF!,#REF!,#REF!,#REF!,#REF!,#REF!,#REF!,#REF!,,소,소,배,자,소,
,2,8,13,16,23,28,,2,2,1,2,1,2,,2,4,,5,1,,3,3,,3,3,0,,소,자,소,자,소,자,,3,3,0,,2,2,1,1,0,#REF!,#REF!,#REF!,#REF!,#REF!,#REF!,#REF!,#REF!,#REF!,#REF!,#REF!,#REF!,#REF!,#REF!,#REF!,#REF!,#REF!,,2,2,2,0,0,#REF!,#REF!,#REF!,#REF!,#REF!,#REF!,#REF!,#REF!,#REF!,#REF!,#REF!,#REF!,6,5,3,7,5,,6,5,3,7,5,,2,1,1,1,1,,4,1,,3,2,,4,0,1,,#REF!,#REF!,#REF!,#REF!,#REF!,#REF!,#REF!,#REF!,#REF!,#REF!,,배,소,소,소,소,
,5,13,26,29,37,40,,1,1,2,1,1,2,,4,2,,2,4,,2,4,,4,2,0,,소,소,자,소,소,자,,2,2,2,,1,1,1,1,2,#REF!,#REF!,#REF!,#REF!,#REF!,#REF!,#REF!,#REF!,#REF!,#REF!,#REF!,#REF!,#REF!,#REF!,#REF!,#REF!,#REF!,,1,1,2,1,1,#REF!,#REF!,#REF!,#REF!,#REF!,#REF!,#REF!,#REF!,#REF!,#REF!,#REF!,#REF!,8,13,3,8,3,,8,13,3,8,3,,2,1,1,2,1,,3,2,,3,2,,3,2,0,,#REF!,#REF!,#REF!,#REF!,#REF!,#REF!,#REF!,#REF!,#REF!,#REF!,,자,소,소,자,소,
,3,4,12,19,22,27,,1,2,2,1,2,1,,3,3,,5,1,,4,2,,2,2,2,,소,자,배,소,자,배,,3,3,0,,2,1,3,0,0,#REF!,#REF!,#REF!,#REF!,#REF!,#REF!,#REF!,#REF!,#REF!,#REF!,#REF!,#REF!,#REF!,#REF!,#REF!,#REF!,#REF!,,2,2,2,0,0,#REF!,#REF!,#REF!,#REF!,#REF!,#REF!,#REF!,#REF!,#REF!,#REF!,#REF!,#REF!,1,8,7,3,5,,1,8,7,3,5,,1,2,1,1,1,,4,1,,3,2,,3,2,0,,#REF!,#REF!,#REF!,#REF!,#REF!,#REF!,#REF!,#REF!,#REF!,#REF!,,자,자,소,소,소,
,9,19,29,35,37,38,,1,1,1,1,1,2,,5,1,,2,4,,1,5,,3,2,1,,배,소,소,자,소,자,,1,2,3,,1,0,1,2,2,#REF!,#REF!,#REF!,#REF!,#REF!,#REF!,#REF!,#REF!,#REF!,#REF!,#REF!,#REF!,#REF!,#REF!,#REF!,#REF!,#REF!,,1,1,1,3,0,#REF!,#REF!,#REF!,#REF!,#REF!,#REF!,#REF!,#REF!,#REF!,#REF!,#REF!,#REF!,10,10,6,2,1,,10,10,6,2,1,,2,2,2,2,1,,1,4,,2,3,,1,3,1,,#REF!,#REF!,#REF!,#REF!,#REF!,#REF!,#REF!,#REF!,#REF!,#REF!,,자,자,배,소,자,
,7,9,19,23,26,45,,1,1,1,1,2,1,,5,1,,4,2,,2,4,,3,1,2,,소,배,소,소,자,배,,2,3,1,,2,0,3,0,1,#REF!,#REF!,#REF!,#REF!,#REF!,#REF!,#REF!,#REF!,#REF!,#REF!,#REF!,#REF!,#REF!,#REF!,#REF!,#REF!,#REF!,,2,1,2,0,1,#REF!,#REF!,#REF!,#REF!,#REF!,#REF!,#REF!,#REF!,#REF!,#REF!,#REF!,#REF!,2,10,4,3,19,,2,10,4,3,19,,2,2,2,1,1,,2,3,,3,2,,3,2,0,,#REF!,#REF!,#REF!,#REF!,#REF!,#REF!,#REF!,#REF!,#REF!,#REF!,,소,자,자,소,소,
,1,4,11,12,20,41,,1,2,1,2,2,1,,3,3,,5,1,,5,1,,2,3,1,,자,자,소,배,자,소,,4,1,1,,2,2,1,0,1,#REF!,#REF!,#REF!,#REF!,#REF!,#REF!,#REF!,#REF!,#REF!,#REF!,#REF!,#REF!,#REF!,#REF!,#REF!,#REF!,#REF!,,2,2,1,0,1,#REF!,#REF!,#REF!,#REF!,#REF!,#REF!,#REF!,#REF!,#REF!,#REF!,#REF!,#REF!,3,7,1,8,21,,3,7,1,8,21,,1,1,1,2,1,,4,1,,3,2,,2,2,1,,#REF!,#REF!,#REF!,#REF!,#REF!,#REF!,#REF!,#REF!,#REF!,#REF!,,소,소,자,자,배,
,10,16,23,36,39,40,,2,2,1,2,1,2,,2,4,,3,3,,1,5,,1,3,2,,자,자,소,배,배,자,,1,2,3,,0,2,1,1,2,#REF!,#REF!,#REF!,#REF!,#REF!,#REF!,#REF!,#REF!,#REF!,#REF!,#REF!,#REF!,#REF!,#REF!,#REF!,#REF!,#REF!,,0,2,1,2,1,#REF!,#REF!,#REF!,#REF!,#REF!,#REF!,#REF!,#REF!,#REF!,#REF!,#REF!,#REF!,6,7,13,3,1,,6,7,13,3,1,,2,1,1,1,1,,4,1,,3,2,,3,1,1,,#REF!,#REF!,#REF!,#REF!,#REF!,#REF!,#REF!,#REF!,#REF!,#REF!,,배,소,소,소,자,
,6,9,16,19,24,28,,2,1,2,1,2,2,,2,4,,4,2,,1,5,,1,2,3,,배,배,자,소,배,자,,2,4,0,,2,1,2,1,0,#REF!,#REF!,#REF!,#REF!,#REF!,#REF!,#REF!,#REF!,#REF!,#REF!,#REF!,#REF!,#REF!,#REF!,#REF!,#REF!,#REF!,,2,2,2,0,0,#REF!,#REF!,#REF!,#REF!,#REF!,#REF!,#REF!,#REF!,#REF!,#REF!,#REF!,#REF!,3,7,3,5,4,,3,7,3,5,4,,1,1,1,1,2,,4,1,,4,1,,4,1,0,,#REF!,#REF!,#REF!,#REF!,#REF!,#REF!,#REF!,#REF!,#REF!,#REF!,,소,소,소,소,자,
,3,13,15,24,33,37,,1,1,1,2,1,1,,5,1,,3,3,,5,1,,3,0,3,,소,소,배,배,배,소,,2,2,2,,1,2,1,1,1,#REF!,#REF!,#REF!,#REF!,#REF!,#REF!,#REF!,#REF!,#REF!,#REF!,#REF!,#REF!,#REF!,#REF!,#REF!,#REF!,#REF!,,1,2,1,2,0,#REF!,#REF!,#REF!,#REF!,#REF!,#REF!,#REF!,#REF!,#REF!,#REF!,#REF!,#REF!,10,2,9,9,4,,10,2,9,9,4,,2,2,1,1,2,,2,3,,2,3,,1,2,2,,#REF!,#REF!,#REF!,#REF!,#REF!,#REF!,#REF!,#REF!,#REF!,#REF!,,자,소,배,배,자,
,3,15,27,33,34,36,,1,1,1,1,2,2,,4,2,,2,4,,4,2,,1,1,4,,소,배,배,배,자,배,,1,2,3,,1,1,1,3,0,#REF!,#REF!,#REF!,#REF!,#REF!,#REF!,#REF!,#REF!,#REF!,#REF!,#REF!,#REF!,#REF!,#REF!,#REF!,#REF!,#REF!,,1,1,1,3,0,#REF!,#REF!,#REF!,#REF!,#REF!,#REF!,#REF!,#REF!,#REF!,#REF!,#REF!,#REF!,12,12,6,1,2,,12,12,6,1,2,,2,2,2,1,2,,1,4,,4,1,,1,1,3,,#REF!,#REF!,#REF!,#REF!,#REF!,#REF!,#REF!,#REF!,#REF!,#REF!,,배,배,배,자,소,
,8,12,15,29,40,45,,2,2,1,1,2,1,,3,3,,3,3,,3,3,,1,2,3,,자,배,배,소,자,배,,2,2,2,,1,2,0,1,2,#REF!,#REF!,#REF!,#REF!,#REF!,#REF!,#REF!,#REF!,#REF!,#REF!,#REF!,#REF!,#REF!,#REF!,#REF!,#REF!,#REF!,,1,2,1,0,2,#REF!,#REF!,#REF!,#REF!,#REF!,#REF!,#REF!,#REF!,#REF!,#REF!,#REF!,#REF!,4,3,14,11,5,,4,3,14,11,5,,2,1,2,1,1,,3,2,,5,0,,3,2,0,,#REF!,#REF!,#REF!,#REF!,#REF!,#REF!,#REF!,#REF!,#REF!,#REF!,,자,소,자,소,소,
,1,5,7,26,28,43,,1,1,1,2,2,1,,4,2,,3,3,,3,3,,3,3,0,,자,소,소,자,자,소,,3,2,1,,3,0,1,1,1,#REF!,#REF!,#REF!,#REF!,#REF!,#REF!,#REF!,#REF!,#REF!,#REF!,#REF!,#REF!,#REF!,#REF!,#REF!,#REF!,#REF!,,3,0,2,0,1,#REF!,#REF!,#REF!,#REF!,#REF!,#REF!,#REF!,#REF!,#REF!,#REF!,#REF!,#REF!,4,2,19,2,15,,4,2,19,2,15,,2,2,1,2,1,,2,3,,4,1,,3,1,1,,#REF!,#REF!,#REF!,#REF!,#REF!,#REF!,#REF!,#REF!,#REF!,#REF!,,자,소,소,소,배,
,26,30,33,38,39,41,,2,2,1,2,1,1,,3,3,,0,6,,2,4,,1,2,3,,자,배,배,자,배,소,,0,2,4,,0,0,1,2,3,#REF!,#REF!,#REF!,#REF!,#REF!,#REF!,#REF!,#REF!,#REF!,#REF!,#REF!,#REF!,#REF!,#REF!,#REF!,#REF!,#REF!,,0,0,1,4,1,#REF!,#REF!,#REF!,#REF!,#REF!,#REF!,#REF!,#REF!,#REF!,#REF!,#REF!,#REF!,4,3,5,1,2,,4,3,5,1,2,,2,1,1,1,2,,3,2,,5,0,,3,2,0,,#REF!,#REF!,#REF!,#REF!,#REF!,#REF!,#REF!,#REF!,#REF!,#REF!,,자,소,소,자,소,
,16,24,25,30,31,32,,2,2,1,2,1,2,,2,4,,1,5,,4,2,,1,3,2,,자,배,자,배,소,자,,0,5,1,,0,1,2,3,0,#REF!,#REF!,#REF!,#REF!,#REF!,#REF!,#REF!,#REF!,#REF!,#REF!,#REF!,#REF!,#REF!,#REF!,#REF!,#REF!,#REF!,,0,1,2,3,0,#REF!,#REF!,#REF!,#REF!,#REF!,#REF!,#REF!,#REF!,#REF!,#REF!,#REF!,#REF!,8,1,5,1,1,,8,1,5,1,1,,2,1,1,1,1,,4,1,,4,1,,1,4,0,,#REF!,#REF!,#REF!,#REF!,#REF!,#REF!,#REF!,#REF!,#REF!,#REF!,,자,자,소,자,자,
,1,2,4,16,20,32,,1,2,2,2,2,2,,1,5,,5,1,,4,2,,1,5,0,,자,소,자,자,자,자,,3,2,1,,3,1,1,1,0,#REF!,#REF!,#REF!,#REF!,#REF!,#REF!,#REF!,#REF!,#REF!,#REF!,#REF!,#REF!,#REF!,#REF!,#REF!,#REF!,#REF!,,3,1,1,1,0,#REF!,#REF!,#REF!,#REF!,#REF!,#REF!,#REF!,#REF!,#REF!,#REF!,#REF!,#REF!,1,2,12,4,12,,1,2,12,4,12,,1,2,2,2,2,,1,4,,5,0,,1,2,2,,#REF!,#REF!,#REF!,#REF!,#REF!,#REF!,#REF!,#REF!,#REF!,#REF!,,자,소,배,자,배,
,7,9,24,27,35,36,,1,1,2,1,1,2,,4,2,,2,4,,2,4,,1,1,4,,소,배,배,배,자,배,,2,2,2,,2,0,2,2,0,#REF!,#REF!,#REF!,#REF!,#REF!,#REF!,#REF!,#REF!,#REF!,#REF!,#REF!,#REF!,#REF!,#REF!,#REF!,#REF!,#REF!,,2,0,2,2,0,#REF!,#REF!,#REF!,#REF!,#REF!,#REF!,#REF!,#REF!,#REF!,#REF!,#REF!,#REF!,2,15,3,8,1,,2,15,3,8,1,,2,1,1,2,1,,3,2,,4,1,,2,2,1,,#REF!,#REF!,#REF!,#REF!,#REF!,#REF!,#REF!,#REF!,#REF!,#REF!,,소,배,소,자,자,
,5,12,21,33,37,40,,1,2,1,1,1,2,,4,2,,3,3,,4,2,,2,1,3,,소,배,배,배,소,자,,2,1,3,,1,1,1,1,2,#REF!,#REF!,#REF!,#REF!,#REF!,#REF!,#REF!,#REF!,#REF!,#REF!,#REF!,#REF!,#REF!,#REF!,#REF!,#REF!,#REF!,,1,1,1,2,1,#REF!,#REF!,#REF!,#REF!,#REF!,#REF!,#REF!,#REF!,#REF!,#REF!,#REF!,#REF!,7,9,12,4,3,,7,9,12,4,3,,1,1,2,2,1,,3,2,,3,2,,2,1,2,,#REF!,#REF!,#REF!,#REF!,#REF!,#REF!,#REF!,#REF!,#REF!,#REF!,,소,배,배,자,소,
,3,6,18,29,35,39,,1,2,2,1,1,1,,4,2,,3,3,,2,4,,2,1,3,,소,배,배,소,자,배,,2,2,2,,2,1,0,2,1,#REF!,#REF!,#REF!,#REF!,#REF!,#REF!,#REF!,#REF!,#REF!,#REF!,#REF!,#REF!,#REF!,#REF!,#REF!,#REF!,#REF!,,2,1,1,2,0,#REF!,#REF!,#REF!,#REF!,#REF!,#REF!,#REF!,#REF!,#REF!,#REF!,#REF!,#REF!,3,12,11,6,4,,3,12,11,6,4,,1,2,1,2,2,,2,3,,4,1,,2,1,2,,#REF!,#REF!,#REF!,#REF!,#REF!,#REF!,#REF!,#REF!,#REF!,#REF!,,소,배,소,배,자,
,8,16,28,30,31,44,,2,2,2,2,1,2,,1,5,,2,4,,2,4,,1,4,1,,자,자,자,배,소,자,,1,4,1,,1,1,0,3,1,#REF!,#REF!,#REF!,#REF!,#REF!,#REF!,#REF!,#REF!,#REF!,#REF!,#REF!,#REF!,#REF!,#REF!,#REF!,#REF!,#REF!,,1,1,1,2,1,#REF!,#REF!,#REF!,#REF!,#REF!,#REF!,#REF!,#REF!,#REF!,#REF!,#REF!,#REF!,8,12,2,1,13,,8,12,2,1,13,,2,2,2,1,1,,2,3,,4,1,,2,2,1,,#REF!,#REF!,#REF!,#REF!,#REF!,#REF!,#REF!,#REF!,#REF!,#REF!,,자,배,소,자,소,
,1,4,16,23,31,41,,1,2,2,1,1,1,,4,2,,4,2,,5,1,,3,3,0,,자,자,자,소,소,소,,2,3,1,,2,1,1,1,1,#REF!,#REF!,#REF!,#REF!,#REF!,#REF!,#REF!,#REF!,#REF!,#REF!,#REF!,#REF!,#REF!,#REF!,#REF!,#REF!,#REF!,,2,1,1,1,1,#REF!,#REF!,#REF!,#REF!,#REF!,#REF!,#REF!,#REF!,#REF!,#REF!,#REF!,#REF!,3,12,7,8,10,,3,12,7,8,10,,1,2,1,2,2,,2,3,,2,3,,2,2,1,,#REF!,#REF!,#REF!,#REF!,#REF!,#REF!,#REF!,#REF!,#REF!,#REF!,,소,배,소,자,자,
,1,3,17,26,27,42,,1,1,1,2,1,2,,4,2,,3,3,,3,3,,2,2,2,,자,소,소,자,배,배,,2,3,1,,2,1,2,0,1,#REF!,#REF!,#REF!,#REF!,#REF!,#REF!,#REF!,#REF!,#REF!,#REF!,#REF!,#REF!,#REF!,#REF!,#REF!,#REF!,#REF!,,2,1,2,0,1,#REF!,#REF!,#REF!,#REF!,#REF!,#REF!,#REF!,#REF!,#REF!,#REF!,#REF!,#REF!,2,14,9,1,15,,2,14,9,1,15,,2,2,1,1,1,,3,2,,4,1,,1,2,2,,#REF!,#REF!,#REF!,#REF!,#REF!,#REF!,#REF!,#REF!,#REF!,#REF!,,소,자,배,자,배,
,10,22,24,27,38,45,,2,2,2,1,2,1,,2,4,,2,4,,3,3,,0,3,3,,자,자,배,배,자,배,,1,3,2,,0,1,3,0,2,#REF!,#REF!,#REF!,#REF!,#REF!,#REF!,#REF!,#REF!,#REF!,#REF!,#REF!,#REF!,#REF!,#REF!,#REF!,#REF!,#REF!,,0,1,3,1,1,#REF!,#REF!,#REF!,#REF!,#REF!,#REF!,#REF!,#REF!,#REF!,#REF!,#REF!,#REF!,12,2,3,11,7,,12,2,3,11,7,,2,2,1,1,1,,3,2,,4,1,,4,0,1,,#REF!,#REF!,#REF!,#REF!,#REF!,#REF!,#REF!,#REF!,#REF!,#REF!,,배,소,소,소,소,
,6,27,30,36,38,42,,2,1,2,2,2,2,,1,5,,1,5,,1,5,,0,1,5,,배,배,배,배,자,배,,1,2,3,,1,0,1,2,2,#REF!,#REF!,#REF!,#REF!,#REF!,#REF!,#REF!,#REF!,#REF!,#REF!,#REF!,#REF!,#REF!,#REF!,#REF!,#REF!,#REF!,,1,0,1,3,1,#REF!,#REF!,#REF!,#REF!,#REF!,#REF!,#REF!,#REF!,#REF!,#REF!,#REF!,#REF!,21,3,6,2,4,,21,3,6,2,4,,1,1,2,2,2,,2,3,,4,1,,2,1,2,,#REF!,#REF!,#REF!,#REF!,#REF!,#REF!,#REF!,#REF!,#REF!,#REF!,,배,소,배,소,자,
,2,17,20,35,37,39,,2,1,2,1,1,1,,4,2,,3,3,,2,4,,3,2,1,,소,소,자,자,소,배,,1,2,3,,1,1,1,1,2,#REF!,#REF!,#REF!,#REF!,#REF!,#REF!,#REF!,#REF!,#REF!,#REF!,#REF!,#REF!,#REF!,#REF!,#REF!,#REF!,#REF!,,1,1,1,3,0,#REF!,#REF!,#REF!,#REF!,#REF!,#REF!,#REF!,#REF!,#REF!,#REF!,#REF!,#REF!,15,3,15,2,2,,15,3,15,2,2,,1,1,1,2,2,,3,2,,5,0,,3,0,2,,#REF!,#REF!,#REF!,#REF!,#REF!,#REF!,#REF!,#REF!,#REF!,#REF!,,배,소,배,소,소,
,1,7,9,17,27,38,,1,1,1,1,1,2,,5,1,,4,2,,1,5,,2,2,2,,자,소,배,소,배,자,,3,2,1,,3,1,1,0,1,#REF!,#REF!,#REF!,#REF!,#REF!,#REF!,#REF!,#REF!,#REF!,#REF!,#REF!,#REF!,#REF!,#REF!,#REF!,#REF!,#REF!,,3,1,1,1,0,#REF!,#REF!,#REF!,#REF!,#REF!,#REF!,#REF!,#REF!,#REF!,#REF!,#REF!,#REF!,6,2,8,10,11,,6,2,8,10,11,,2,2,2,2,1,,1,4,,2,3,,2,2,1,,#REF!,#REF!,#REF!,#REF!,#REF!,#REF!,#REF!,#REF!,#REF!,#REF!,,배,소,자,자,소,
,23,26,27,35,38,40,,1,2,1,1,2,2,,3,3,,1,5,,2,4,,1,4,1,,소,자,배,자,자,자,,0,3,3,,0,0,3,1,2,#REF!,#REF!,#REF!,#REF!,#REF!,#REF!,#REF!,#REF!,#REF!,#REF!,#REF!,#REF!,#REF!,#REF!,#REF!,#REF!,#REF!,,0,0,3,2,1,#REF!,#REF!,#REF!,#REF!,#REF!,#REF!,#REF!,#REF!,#REF!,#REF!,#REF!,#REF!,3,1,8,3,2,,3,1,8,3,2,,1,1,2,1,2,,3,2,,4,1,,3,2,0,,#REF!,#REF!,#REF!,#REF!,#REF!,#REF!,#REF!,#REF!,#REF!,#REF!,,소,자,자,소,소,
,5,8,25,31,41,44,,1,2,1,1,1,2,,4,2,,2,4,,5,1,,3,3,0,,소,자,자,소,소,자,,2,2,2,,2,0,1,1,2,#REF!,#REF!,#REF!,#REF!,#REF!,#REF!,#REF!,#REF!,#REF!,#REF!,#REF!,#REF!,#REF!,#REF!,#REF!,#REF!,#REF!,,2,0,1,1,2,#REF!,#REF!,#REF!,#REF!,#REF!,#REF!,#REF!,#REF!,#REF!,#REF!,#REF!,#REF!,3,17,6,10,3,,3,17,6,10,3,,1,1,2,2,1,,3,2,,2,3,,3,1,1,,#REF!,#REF!,#REF!,#REF!,#REF!,#REF!,#REF!,#REF!,#REF!,#REF!,,소,소,배,자,소,
,5,11,25,27,36,38,,1,1,1,1,2,2,,4,2,,2,4,,3,3,,2,2,2,,소,소,자,배,배,자,,2,2,2,,1,1,2,1,1,#REF!,#REF!,#REF!,#REF!,#REF!,#REF!,#REF!,#REF!,#REF!,#REF!,#REF!,#REF!,#REF!,#REF!,#REF!,#REF!,#REF!,,1,1,2,2,0,#REF!,#REF!,#REF!,#REF!,#REF!,#REF!,#REF!,#REF!,#REF!,#REF!,#REF!,#REF!,6,14,2,9,2,,6,14,2,9,2,,2,2,2,1,2,,1,4,,3,2,,2,1,2,,#REF!,#REF!,#REF!,#REF!,#REF!,#REF!,#REF!,#REF!,#REF!,#REF!,,배,자,소,배,소,
,10,15,19,27,30,33,,2,1,1,1,2,1,,4,2,,3,3,,2,4,,1,1,4,,자,배,소,배,배,배,,1,4,1,,0,2,2,2,0,#REF!,#REF!,#REF!,#REF!,#REF!,#REF!,#REF!,#REF!,#REF!,#REF!,#REF!,#REF!,#REF!,#REF!,#REF!,#REF!,#REF!,,0,3,1,2,0,#REF!,#REF!,#REF!,#REF!,#REF!,#REF!,#REF!,#REF!,#REF!,#REF!,#REF!,#REF!,5,4,8,3,3,,5,4,8,3,3,,1,2,2,1,1,,3,2,,4,1,,3,2,0,,#REF!,#REF!,#REF!,#REF!,#REF!,#REF!,#REF!,#REF!,#REF!,#REF!,,소,자,자,소,소,
,13,15,19,21,44,45,,1,1,1,1,2,1,,5,1,,4,2,,5,1,,2,1,3,,소,배,소,배,자,배,,1,3,2,,0,2,2,0,2,#REF!,#REF!,#REF!,#REF!,#REF!,#REF!,#REF!,#REF!,#REF!,#REF!,#REF!,#REF!,#REF!,#REF!,#REF!,#REF!,#REF!,,0,3,1,0,2,#REF!,#REF!,#REF!,#REF!,#REF!,#REF!,#REF!,#REF!,#REF!,#REF!,#REF!,#REF!,2,4,2,23,1,,2,4,2,23,1,,2,2,2,1,1,,2,3,,5,0,,3,2,0,,#REF!,#REF!,#REF!,#REF!,#REF!,#REF!,#REF!,#REF!,#REF!,#REF!,,소,자,소,소,자,
,3,10,14,15,23,24,,1,2,2,1,1,2,,3,3,,5,1,,5,1,,2,2,2,,소,자,자,배,소,배,,3,3,0,,1,3,2,0,0,#REF!,#REF!,#REF!,#REF!,#REF!,#REF!,#REF!,#REF!,#REF!,#REF!,#REF!,#REF!,#REF!,#REF!,#REF!,#REF!,#REF!,,1,3,2,0,0,#REF!,#REF!,#REF!,#REF!,#REF!,#REF!,#REF!,#REF!,#REF!,#REF!,#REF!,#REF!,7,4,1,8,1,,7,4,1,8,1,,1,2,1,2,1,,3,2,,3,2,,1,4,0,,#REF!,#REF!,#REF!,#REF!,#REF!,#REF!,#REF!,#REF!,#REF!,#REF!,,소,자,자,자,자,
,8,10,15,20,29,31,,2,2,1,2,1,1,,3,3,,4,2,,2,4,,2,3,1,,자,자,배,자,소,소,,2,4,0,,1,2,1,2,0,#REF!,#REF!,#REF!,#REF!,#REF!,#REF!,#REF!,#REF!,#REF!,#REF!,#REF!,#REF!,#REF!,#REF!,#REF!,#REF!,#REF!,,1,2,2,1,0,#REF!,#REF!,#REF!,#REF!,#REF!,#REF!,#REF!,#REF!,#REF!,#REF!,#REF!,#REF!,2,5,5,9,2,,2,5,5,9,2,,2,1,1,1,2,,3,2,,4,1,,4,0,1,,#REF!,#REF!,#REF!,#REF!,#REF!,#REF!,#REF!,#REF!,#REF!,#REF!,,소,소,소,배,소,
,3,28,31,32,42,45,,1,2,1,2,2,1,,3,3,,1,5,,5,1,,2,2,2,,소,자,소,자,배,배,,1,2,3,,1,0,0,3,2,#REF!,#REF!,#REF!,#REF!,#REF!,#REF!,#REF!,#REF!,#REF!,#REF!,#REF!,#REF!,#REF!,#REF!,#REF!,#REF!,#REF!,,1,0,1,2,2,#REF!,#REF!,#REF!,#REF!,#REF!,#REF!,#REF!,#REF!,#REF!,#REF!,#REF!,#REF!,25,3,1,10,3,,25,3,1,10,3,,1,1,1,2,1,,4,1,,4,1,,2,3,0,,#REF!,#REF!,#REF!,#REF!,#REF!,#REF!,#REF!,#REF!,#REF!,#REF!,,자,소,자,자,소,
,1,2,15,28,39,45,,1,2,1,2,1,1,,4,2,,3,3,,4,2,,1,2,3,,자,소,배,자,배,배,,2,2,2,,2,1,0,1,2,#REF!,#REF!,#REF!,#REF!,#REF!,#REF!,#REF!,#REF!,#REF!,#REF!,#REF!,#REF!,#REF!,#REF!,#REF!,#REF!,#REF!,,2,1,1,1,1,#REF!,#REF!,#REF!,#REF!,#REF!,#REF!,#REF!,#REF!,#REF!,#REF!,#REF!,#REF!,1,13,13,11,6,,1,13,13,11,6,,1,1,1,1,2,,4,1,,4,1,,3,1,1,,#REF!,#REF!,#REF!,#REF!,#REF!,#REF!,#REF!,#REF!,#REF!,#REF!,,자,소,소,소,배,
,2,22,25,28,34,43,,2,2,1,2,2,1,,2,4,,2,4,,5,1,,2,4,0,,소,자,자,자,자,소,,1,3,2,,1,0,2,2,1,#REF!,#REF!,#REF!,#REF!,#REF!,#REF!,#REF!,#REF!,#REF!,#REF!,#REF!,#REF!,#REF!,#REF!,#REF!,#REF!,#REF!,,1,0,3,1,1,#REF!,#REF!,#REF!,#REF!,#REF!,#REF!,#REF!,#REF!,#REF!,#REF!,#REF!,#REF!,20,3,3,6,9,,20,3,3,6,9,,2,1,1,2,1,,3,2,,2,3,,2,1,2,,#REF!,#REF!,#REF!,#REF!,#REF!,#REF!,#REF!,#REF!,#REF!,#REF!,,자,소,소,배,배,
,6,13,18,28,30,36,,2,1,2,2,2,2,,1,5,,3,3,,1,5,,1,1,4,,배,소,배,자,배,배,,2,3,1,,1,2,0,3,0,#REF!,#REF!,#REF!,#REF!,#REF!,#REF!,#REF!,#REF!,#REF!,#REF!,#REF!,#REF!,#REF!,#REF!,#REF!,#REF!,#REF!,,1,2,1,2,0,#REF!,#REF!,#REF!,#REF!,#REF!,#REF!,#REF!,#REF!,#REF!,#REF!,#REF!,#REF!,7,5,10,2,6,,7,5,10,2,6,,1,1,2,2,2,,2,3,,2,3,,3,1,1,,#REF!,#REF!,#REF!,#REF!,#REF!,#REF!,#REF!,#REF!,#REF!,#REF!,,소,소,자,소,배,
,4,11,17,22,32,41,,2,1,1,2,2,1,,3,3,,4,2,,5,1,,3,3,0,,자,소,소,자,자,소,,2,2,2,,1,2,1,1,1,#REF!,#REF!,#REF!,#REF!,#REF!,#REF!,#REF!,#REF!,#REF!,#REF!,#REF!,#REF!,#REF!,#REF!,#REF!,#REF!,#REF!,,1,2,1,1,1,#REF!,#REF!,#REF!,#REF!,#REF!,#REF!,#REF!,#REF!,#REF!,#REF!,#REF!,#REF!,7,6,5,10,9,,7,6,5,10,9,,1,2,1,2,1,,3,2,,1,4,,2,1,2,,#REF!,#REF!,#REF!,#REF!,#REF!,#REF!,#REF!,#REF!,#REF!,#REF!,,소,배,소,자,배,
,16,18,20,32,33,39,,2,2,2,2,1,1,,2,4,,3,3,,2,4,,0,3,3,,자,배,자,자,배,배,,0,3,3,,0,2,1,2,1,#REF!,#REF!,#REF!,#REF!,#REF!,#REF!,#REF!,#REF!,#REF!,#REF!,#REF!,#REF!,#REF!,#REF!,#REF!,#REF!,#REF!,,0,2,1,3,0,#REF!,#REF!,#REF!,#REF!,#REF!,#REF!,#REF!,#REF!,#REF!,#REF!,#REF!,#REF!,2,2,12,1,6,,2,2,12,1,6,,2,2,2,1,2,,1,4,,4,1,,2,1,2,,#REF!,#REF!,#REF!,#REF!,#REF!,#REF!,#REF!,#REF!,#REF!,#REF!,,소,소,배,자,배,
,9,18,21,27,44,45,,1,2,1,1,2,1,,4,2,,3,3,,3,3,,0,1,5,,배,배,배,배,자,배,,1,3,2,,1,1,2,0,2,#REF!,#REF!,#REF!,#REF!,#REF!,#REF!,#REF!,#REF!,#REF!,#REF!,#REF!,#REF!,#REF!,#REF!,#REF!,#REF!,#REF!,,1,1,2,0,2,#REF!,#REF!,#REF!,#REF!,#REF!,#REF!,#REF!,#REF!,#REF!,#REF!,#REF!,#REF!,9,3,6,17,1,,9,3,6,17,1,,1,1,2,1,1,,4,1,,2,3,,2,1,2,,#REF!,#REF!,#REF!,#REF!,#REF!,#REF!,#REF!,#REF!,#REF!,#REF!,,배,소,배,소,자,
,8,9,19,25,41,42,,2,1,1,1,1,2,,4,2,,3,3,,3,3,,2,2,2,,자,배,소,자,소,배,,2,2,2,,2,0,2,0,2,#REF!,#REF!,#REF!,#REF!,#REF!,#REF!,#REF!,#REF!,#REF!,#REF!,#REF!,#REF!,#REF!,#REF!,#REF!,#REF!,#REF!,,2,1,1,0,2,#REF!,#REF!,#REF!,#REF!,#REF!,#REF!,#REF!,#REF!,#REF!,#REF!,#REF!,#REF!,1,10,6,16,1,,1,10,6,16,1,,1,2,2,2,1,,2,3,,2,3,,0,4,1,,#REF!,#REF!,#REF!,#REF!,#REF!,#REF!,#REF!,#REF!,#REF!,#REF!,,자,자,배,자,자,
,4,6,13,17,26,28,,2,2,1,1,2,2,,2,4,,4,2,,2,4,,2,3,1,,자,배,소,소,자,자,,3,3,0,,2,2,1,1,0,#REF!,#REF!,#REF!,#REF!,#REF!,#REF!,#REF!,#REF!,#REF!,#REF!,#REF!,#REF!,#REF!,#REF!,#REF!,#REF!,#REF!,,2,2,2,0,0,#REF!,#REF!,#REF!,#REF!,#REF!,#REF!,#REF!,#REF!,#REF!,#REF!,#REF!,#REF!,2,7,4,9,2,,2,7,4,9,2,,2,1,2,1,2,,2,3,,3,2,,3,1,1,,#REF!,#REF!,#REF!,#REF!,#REF!,#REF!,#REF!,#REF!,#REF!,#REF!,,소,소,자,배,소,
,1,14,16,34,41,44,,1,2,2,2,1,2,,2,4,,3,3,,5,1,,1,5,0,,자,자,자,자,소,자,,2,1,3,,1,2,0,1,2,#REF!,#REF!,#REF!,#REF!,#REF!,#REF!,#REF!,#REF!,#REF!,#REF!,#REF!,#REF!,#REF!,#REF!,#REF!,#REF!,#REF!,,1,2,0,1,2,#REF!,#REF!,#REF!,#REF!,#REF!,#REF!,#REF!,#REF!,#REF!,#REF!,#REF!,#REF!,13,2,18,7,3,,13,2,18,7,3,,1,2,2,1,1,,3,2,,3,2,,4,0,1,,#REF!,#REF!,#REF!,#REF!,#REF!,#REF!,#REF!,#REF!,#REF!,#REF!,,소,소,배,소,소,
,24,29,30,31,35,44,,2,1,2,1,1,2,,3,3,,0,6,,4,2,,2,2,2,,배,소,배,소,자,자,,0,4,2,,0,0,1,4,1,#REF!,#REF!,#REF!,#REF!,#REF!,#REF!,#REF!,#REF!,#REF!,#REF!,#REF!,#REF!,#REF!,#REF!,#REF!,#REF!,#REF!,,0,0,2,3,1,#REF!,#REF!,#REF!,#REF!,#REF!,#REF!,#REF!,#REF!,#REF!,#REF!,#REF!,#REF!,5,1,1,4,9,,5,1,1,4,9,,1,1,1,2,1,,4,1,,4,1,,1,3,1,,#REF!,#REF!,#REF!,#REF!,#REF!,#REF!,#REF!,#REF!,#REF!,#REF!,,소,자,자,자,배,
,12,13,29,34,37,42,,2,1,1,2,1,2,,3,3,,2,4,,4,2,,3,1,2,,배,소,소,자,소,배,,2,1,3,,0,2,0,2,2,#REF!,#REF!,#REF!,#REF!,#REF!,#REF!,#REF!,#REF!,#REF!,#REF!,#REF!,#REF!,#REF!,#REF!,#REF!,#REF!,#REF!,,0,2,1,2,1,#REF!,#REF!,#REF!,#REF!,#REF!,#REF!,#REF!,#REF!,#REF!,#REF!,#REF!,#REF!,1,16,5,3,5,,1,16,5,3,5,,1,2,1,1,1,,4,1,,4,1,,3,2,0,,#REF!,#REF!,#REF!,#REF!,#REF!,#REF!,#REF!,#REF!,#REF!,#REF!,,자,자,소,소,소,
,3,8,9,22,28,42,,1,2,1,2,2,2,,2,4,,4,2,,3,3,,1,3,2,,소,자,배,자,자,배,,3,2,1,,3,0,1,1,1,#REF!,#REF!,#REF!,#REF!,#REF!,#REF!,#REF!,#REF!,#REF!,#REF!,#REF!,#REF!,#REF!,#REF!,#REF!,#REF!,#REF!,,3,0,2,0,1,#REF!,#REF!,#REF!,#REF!,#REF!,#REF!,#REF!,#REF!,#REF!,#REF!,#REF!,#REF!,5,1,13,6,14,,5,1,13,6,14,,1,1,1,2,2,,3,2,,4,1,,2,2,1,,#REF!,#REF!,#REF!,#REF!,#REF!,#REF!,#REF!,#REF!,#REF!,#REF!,,소,자,소,배,자,
,0,0,0,0,0,0,,0,0,0,0,0,0,,0,6,,0,6,,0,6,,0,0,0,,0,0,0,0,0,0,,0,0,6,,0,0,0,0,0,#REF!,#REF!,#REF!,#REF!,#REF!,#REF!,#REF!,#REF!,#REF!,#REF!,#REF!,#REF!,#REF!,#REF!,#REF!,#REF!,#REF!,,0,0,0,0,0,#REF!,#REF!,#REF!,#REF!,#REF!,#REF!,#REF!,#REF!,#REF!,#REF!,#REF!,#REF!,0,0,0,0,0,,0,0,0,0,0,,0,0,0,0,0,,0,5,,0,5,,0,0,0,,#REF!,#REF!,#REF!,#REF!,#REF!,#REF!,#REF!,#REF!,#REF!,#REF!,,0,0,0,0,0,
,0,0,0,0,0,0,,0,0,0,0,0,0,,0,6,,0,6,,0,6,,0,0,0,,0,0,0,0,0,0,,0,0,6,,0,0,0,0,0,#REF!,#REF!,#REF!,#REF!,#REF!,#REF!,#REF!,#REF!,#REF!,#REF!,#REF!,#REF!,#REF!,#REF!,#REF!,#REF!,#REF!,,0,0,0,0,0,#REF!,#REF!,#REF!,#REF!,#REF!,#REF!,#REF!,#REF!,#REF!,#REF!,#REF!,#REF!,0,0,0,0,0,,0,0,0,0,0,,0,0,0,0,0,,0,5,,0,5,,0,0,0,,#REF!,#REF!,#REF!,#REF!,#REF!,#REF!,#REF!,#REF!,#REF!,#REF!,,0,0,0,0,0,
,0,0,0,0,0,0,,0,0,0,0,0,0,,0,6,,0,6,,0,6,,0,0,0,,0,0,0,0,0,0,,0,0,6,,0,0,0,0,0,#REF!,#REF!,#REF!,#REF!,#REF!,#REF!,#REF!,#REF!,#REF!,#REF!,#REF!,#REF!,#REF!,#REF!,#REF!,#REF!,#REF!,,0,0,0,0,0,#REF!,#REF!,#REF!,#REF!,#REF!,#REF!,#REF!,#REF!,#REF!,#REF!,#REF!,#REF!,0,0,0,0,0,,0,0,0,0,0,,0,0,0,0,0,,0,5,,0,5,,0,0,0,,#REF!,#REF!,#REF!,#REF!,#REF!,#REF!,#REF!,#REF!,#REF!,#REF!,,0,0,0,0,0,
,0,0,0,0,0,0,,0,0,0,0,0,0,,0,6,,0,6,,0,6,,0,0,0,,0,0,0,0,0,0,,0,0,6,,0,0,0,0,0,#REF!,#REF!,#REF!,#REF!,#REF!,#REF!,#REF!,#REF!,#REF!,#REF!,#REF!,#REF!,#REF!,#REF!,#REF!,#REF!,#REF!,,0,0,0,0,0,#REF!,#REF!,#REF!,#REF!,#REF!,#REF!,#REF!,#REF!,#REF!,#REF!,#REF!,#REF!,0,0,0,0,0,,0,0,0,0,0,,0,0,0,0,0,,0,5,,0,5,,0,0,0,,#REF!,#REF!,#REF!,#REF!,#REF!,#REF!,#REF!,#REF!,#REF!,#REF!,,,,,,,
,0,0,0,0,0,0,,0,0,0,0,0,0,,0,6,,0,6,,0,6,,0,0,0,,0,0,0,0,0,0,,0,0,6,,0,0,0,0,0,#REF!,#REF!,#REF!,#REF!,#REF!,#REF!,#REF!,#REF!,#REF!,#REF!,#REF!,#REF!,#REF!,#REF!,#REF!,#REF!,#REF!,,0,0,0,0,0,#REF!,#REF!,#REF!,#REF!,#REF!,#REF!,#REF!,#REF!,#REF!,#REF!,#REF!,#REF!,0,0,0,0,0,,0,0,0,0,0,,0,0,0,0,0,,0,5,,0,5,,0,0,0,,#REF!,#REF!,#REF!,#REF!,#REF!,#REF!,#REF!,#REF!,#REF!,#REF!,,,,,,,
,0,0,0,0,0,0,,0,0,0,0,0,0,,0,6,,0,6,,0,6,,0,0,0,,0,0,0,0,0,0,,0,0,6,,0,0,0,0,0,#REF!,#REF!,#REF!,#REF!,#REF!,#REF!,#REF!,#REF!,#REF!,#REF!,#REF!,#REF!,#REF!,#REF!,#REF!,#REF!,#REF!,,0,0,0,0,0,#REF!,#REF!,#REF!,#REF!,#REF!,#REF!,#REF!,#REF!,#REF!,#REF!,#REF!,#REF!,0,0,0,0,0,,0,0,0,0,0,,0,0,0,0,0,,0,5,,0,5,,0,0,0,,#REF!,#REF!,#REF!,#REF!,#REF!,#REF!,#REF!,#REF!,#REF!,#REF!,,,,,,,
,0,0,0,0,0,0,,0,0,0,0,0,0,,0,6,,0,6,,0,6,,0,0,0,,0,0,0,0,0,0,,0,0,6,,0,0,0,0,0,#REF!,#REF!,#REF!,#REF!,#REF!,#REF!,#REF!,#REF!,#REF!,#REF!,#REF!,#REF!,#REF!,#REF!,#REF!,#REF!,#REF!,,0,0,0,0,0,#REF!,#REF!,#REF!,#REF!,#REF!,#REF!,#REF!,#REF!,#REF!,#REF!,#REF!,#REF!,0,0,0,0,0,,0,0,0,0,0,,0,0,0,0,0,,0,5,,0,5,,0,0,0,,#REF!,#REF!,#REF!,#REF!,#REF!,#REF!,#REF!,#REF!,#REF!,#REF!,,,,,,,
,0,0,0,0,0,0,,0,0,0,0,0,0,,0,6,,0,6,,0,6,,0,0,0,,0,0,0,0,0,0,,0,0,6,,0,0,0,0,0,#REF!,#REF!,#REF!,#REF!,#REF!,#REF!,#REF!,#REF!,#REF!,#REF!,#REF!,#REF!,#REF!,#REF!,#REF!,#REF!,#REF!,,0,0,0,0,0,#REF!,#REF!,#REF!,#REF!,#REF!,#REF!,#REF!,#REF!,#REF!,#REF!,#REF!,#REF!,0,0,0,0,0,,0,0,0,0,0,,0,0,0,0,0,,0,5,,0,5,,0,0,0,,#REF!,#REF!,#REF!,#REF!,#REF!,#REF!,#REF!,#REF!,#REF!,#REF!,,,,,,,
,0,0,0,0,0,0,,0,0,0,0,0,0,,0,6,,0,6,,0,6,,0,0,0,,0,0,0,0,0,0,,0,0,6,,0,0,0,0,0,#REF!,#REF!,#REF!,#REF!,#REF!,#REF!,#REF!,#REF!,#REF!,#REF!,#REF!,#REF!,#REF!,#REF!,#REF!,#REF!,#REF!,,0,0,0,0,0,#REF!,#REF!,#REF!,#REF!,#REF!,#REF!,#REF!,#REF!,#REF!,#REF!,#REF!,#REF!,0,0,0,0,0,,0,0,0,0,0,,0,0,0,0,0,,0,5,,0,5,,0,0,0,,#REF!,#REF!,#REF!,#REF!,#REF!,#REF!,#REF!,#REF!,#REF!,#REF!,,,,,,,
,0,0,0,0,0,0,,0,0,0,0,0,0,,0,6,,0,6,,0,6,,0,0,0,,0,0,0,0,0,0,,0,0,6,,0,0,0,0,0,#REF!,#REF!,#REF!,#REF!,#REF!,#REF!,#REF!,#REF!,#REF!,#REF!,#REF!,#REF!,#REF!,#REF!,#REF!,#REF!,#REF!,,0,0,0,0,0,#REF!,#REF!,#REF!,#REF!,#REF!,#REF!,#REF!,#REF!,#REF!,#REF!,#REF!,#REF!,0,0,0,0,0,,0,0,0,0,0,,0,0,0,0,0,,0,5,,0,5,,0,0,0,,#REF!,#REF!,#REF!,#REF!,#REF!,#REF!,#REF!,#REF!,#REF!,#REF!,,,,,,,
,0,0,0,0,0,0,,0,0,0,0,0,0,,0,6,,0,6,,0,6,,0,0,0,,0,0,0,0,0,0,,0,0,6,,0,0,0,0,0,#REF!,#REF!,#REF!,#REF!,#REF!,#REF!,#REF!,#REF!,#REF!,#REF!,#REF!,#REF!,#REF!,#REF!,#REF!,#REF!,#REF!,,0,0,0,0,0,#REF!,#REF!,#REF!,#REF!,#REF!,#REF!,#REF!,#REF!,#REF!,#REF!,#REF!,#REF!,0,0,0,0,0,,0,0,0,0,0,,0,0,0,0,0,,0,5,,0,5,,0,0,0,,#REF!,#REF!,#REF!,#REF!,#REF!,#REF!,#REF!,#REF!,#REF!,#REF!,,,,,,,
,0,0,0,0,0,0,,0,0,0,0,0,0,,0,6,,0,6,,0,6,,0,0,0,,0,0,0,0,0,0,,0,0,6,,0,0,0,0,0,#REF!,#REF!,#REF!,#REF!,#REF!,#REF!,#REF!,#REF!,#REF!,#REF!,#REF!,#REF!,#REF!,#REF!,#REF!,#REF!,#REF!,,0,0,0,0,0,#REF!,#REF!,#REF!,#REF!,#REF!,#REF!,#REF!,#REF!,#REF!,#REF!,#REF!,#REF!,0,0,0,0,0,,0,0,0,0,0,,0,0,0,0,0,,0,5,,0,5,,0,0,0,,#REF!,#REF!,#REF!,#REF!,#REF!,#REF!,#REF!,#REF!,#REF!,#REF!,,,,,,,
,0,0,0,0,0,0,,0,0,0,0,0,0,,0,6,,0,6,,0,6,,0,0,0,,0,0,0,0,0,0,,0,0,6,,0,0,0,0,0,#REF!,#REF!,#REF!,#REF!,#REF!,#REF!,#REF!,#REF!,#REF!,#REF!,#REF!,#REF!,#REF!,#REF!,#REF!,#REF!,#REF!,,0,0,0,0,0,#REF!,#REF!,#REF!,#REF!,#REF!,#REF!,#REF!,#REF!,#REF!,#REF!,#REF!,#REF!,0,0,0,0,0,,0,0,0,0,0,,0,0,0,0,0,,0,5,,0,5,,0,0,0,,#REF!,#REF!,#REF!,#REF!,#REF!,#REF!,#REF!,#REF!,#REF!,#REF!,,,,,,,
,0,0,0,0,0,0,,0,0,0,0,0,0,,0,6,,0,6,,0,6,,0,0,0,,0,0,0,0,0,0,,0,0,6,,0,0,0,0,0,#REF!,#REF!,#REF!,#REF!,#REF!,#REF!,#REF!,#REF!,#REF!,#REF!,#REF!,#REF!,#REF!,#REF!,#REF!,#REF!,#REF!,,0,0,0,0,0,#REF!,#REF!,#REF!,#REF!,#REF!,#REF!,#REF!,#REF!,#REF!,#REF!,#REF!,#REF!,0,0,0,0,0,,0,0,0,0,0,,0,0,0,0,0,,0,5,,0,5,,0,0,0,,#REF!,#REF!,#REF!,#REF!,#REF!,#REF!,#REF!,#REF!,#REF!,#REF!,,,,,,,
,0,0,0,0,0,0,,0,0,0,0,0,0,,0,6,,0,6,,0,6,,0,0,0,,0,0,0,0,0,0,,0,0,6,,0,0,0,0,0,#REF!,#REF!,#REF!,#REF!,#REF!,#REF!,#REF!,#REF!,#REF!,#REF!,#REF!,#REF!,#REF!,#REF!,#REF!,#REF!,#REF!,,0,0,0,0,0,#REF!,#REF!,#REF!,#REF!,#REF!,#REF!,#REF!,#REF!,#REF!,#REF!,#REF!,#REF!,0,0,0,0,0,,0,0,0,0,0,,0,0,0,0,0,,0,5,,0,5,,0,0,0,,#REF!,#REF!,#REF!,#REF!,#REF!,#REF!,#REF!,#REF!,#REF!,#REF!,,,,,,,
,0,0,0,0,0,0,,0,0,0,0,0,0,,0,6,,0,6,,0,6,,0,0,0,,0,0,0,0,0,0,,0,0,6,,0,0,0,0,0,#REF!,#REF!,#REF!,#REF!,#REF!,#REF!,#REF!,#REF!,#REF!,#REF!,#REF!,#REF!,#REF!,#REF!,#REF!,#REF!,#REF!,,0,0,0,0,0,#REF!,#REF!,#REF!,#REF!,#REF!,#REF!,#REF!,#REF!,#REF!,#REF!,#REF!,#REF!,0,0,0,0,0,,0,0,0,0,0,,0,0,0,0,0,,0,5,,0,5,,0,0,0,,#REF!,#REF!,#REF!,#REF!,#REF!,#REF!,#REF!,#REF!,#REF!,#REF!,,,,,,,
,0,0,0,0,0,0,,0,0,0,0,0,0,,0,6,,0,6,,0,6,,0,0,0,,0,0,0,0,0,0,,0,0,6,,0,0,0,0,0,#REF!,#REF!,#REF!,#REF!,#REF!,#REF!,#REF!,#REF!,#REF!,#REF!,#REF!,#REF!,#REF!,#REF!,#REF!,#REF!,#REF!,,0,0,0,0,0,#REF!,#REF!,#REF!,#REF!,#REF!,#REF!,#REF!,#REF!,#REF!,#REF!,#REF!,#REF!,0,0,0,0,0,,0,0,0,0,0,,0,0,0,0,0,,0,5,,0,5,,0,0,0,,#REF!,#REF!,#REF!,#REF!,#REF!,#REF!,#REF!,#REF!,#REF!,#REF!,,,,,,,
,0,0,0,0,0,0,,0,0,0,0,0,0,,0,6,,0,6,,0,6,,0,0,0,,0,0,0,0,0,0,,0,0,6,,0,0,0,0,0,#REF!,#REF!,#REF!,#REF!,#REF!,#REF!,#REF!,#REF!,#REF!,#REF!,#REF!,#REF!,#REF!,#REF!,#REF!,#REF!,#REF!,,0,0,0,0,0,#REF!,#REF!,#REF!,#REF!,#REF!,#REF!,#REF!,#REF!,#REF!,#REF!,#REF!,#REF!,0,0,0,0,0,,0,0,0,0,0,,0,0,0,0,0,,0,5,,0,5,,0,0,0,,#REF!,#REF!,#REF!,#REF!,#REF!,#REF!,#REF!,#REF!,#REF!,#REF!,,,,,,,
,0,0,0,0,0,0,,0,0,0,0,0,0,,0,6,,0,6,,0,6,,0,0,0,,0,0,0,0,0,0,,0,0,6,,0,0,0,0,0,#REF!,#REF!,#REF!,#REF!,#REF!,#REF!,#REF!,#REF!,#REF!,#REF!,#REF!,#REF!,#REF!,#REF!,#REF!,#REF!,#REF!,,0,0,0,0,0,#REF!,#REF!,#REF!,#REF!,#REF!,#REF!,#REF!,#REF!,#REF!,#REF!,#REF!,#REF!,0,0,0,0,0,,0,0,0,0,0,,0,0,0,0,0,,0,5,,0,5,,0,0,0,,#REF!,#REF!,#REF!,#REF!,#REF!,#REF!,#REF!,#REF!,#REF!,#REF!,,,,,,,
,0,0,0,0,0,0,,0,0,0,0,0,0,,0,6,,0,6,,0,6,,0,0,0,,0,0,0,0,0,0,,0,0,6,,0,0,0,0,0,#REF!,#REF!,#REF!,#REF!,#REF!,#REF!,#REF!,#REF!,#REF!,#REF!,#REF!,#REF!,#REF!,#REF!,#REF!,#REF!,#REF!,,0,0,0,0,0,#REF!,#REF!,#REF!,#REF!,#REF!,#REF!,#REF!,#REF!,#REF!,#REF!,#REF!,#REF!,0,0,0,0,0,,0,0,0,0,0,,0,0,0,0,0,,0,5,,0,5,,0,0,0,,#REF!,#REF!,#REF!,#REF!,#REF!,#REF!,#REF!,#REF!,#REF!,#REF!,,,,,,,
,0,0,0,0,0,0,,0,0,0,0,0,0,,0,6,,0,6,,0,6,,0,0,0,,0,0,0,0,0,0,,0,0,6,,0,0,0,0,0,#REF!,#REF!,#REF!,#REF!,#REF!,#REF!,#REF!,#REF!,#REF!,#REF!,#REF!,#REF!,#REF!,#REF!,#REF!,#REF!,#REF!,,0,0,0,0,0,#REF!,#REF!,#REF!,#REF!,#REF!,#REF!,#REF!,#REF!,#REF!,#REF!,#REF!,#REF!,0,0,0,0,0,,0,0,0,0,0,,0,0,0,0,0,,0,5,,0,5,,0,0,0,,#REF!,#REF!,#REF!,#REF!,#REF!,#REF!,#REF!,#REF!,#REF!,#REF!,,,,,,,
,0,0,0,0,0,0,,0,0,0,0,0,0,,0,6,,0,6,,0,6,,0,0,0,,0,0,0,0,0,0,,0,0,6,,0,0,0,0,0,#REF!,#REF!,#REF!,#REF!,#REF!,#REF!,#REF!,#REF!,#REF!,#REF!,#REF!,#REF!,#REF!,#REF!,#REF!,#REF!,#REF!,,0,0,0,0,0,#REF!,#REF!,#REF!,#REF!,#REF!,#REF!,#REF!,#REF!,#REF!,#REF!,#REF!,#REF!,0,0,0,0,0,,0,0,0,0,0,,0,0,0,0,0,,0,5,,0,5,,0,0,0,,#REF!,#REF!,#REF!,#REF!,#REF!,#REF!,#REF!,#REF!,#REF!,#REF!,,,,,,,
,0,0,0,0,0,0,,0,0,0,0,0,0,,0,6,,0,6,,0,6,,0,0,0,,0,0,0,0,0,0,,0,0,6,,0,0,0,0,0,#REF!,#REF!,#REF!,#REF!,#REF!,#REF!,#REF!,#REF!,#REF!,#REF!,#REF!,#REF!,#REF!,#REF!,#REF!,#REF!,#REF!,,0,0,0,0,0,#REF!,#REF!,#REF!,#REF!,#REF!,#REF!,#REF!,#REF!,#REF!,#REF!,#REF!,#REF!,0,0,0,0,0,,0,0,0,0,0,,0,0,0,0,0,,0,5,,0,5,,0,0,0,,#REF!,#REF!,#REF!,#REF!,#REF!,#REF!,#REF!,#REF!,#REF!,#REF!,,,,,,,
,0,0,0,0,0,0,,0,0,0,0,0,0,,0,6,,0,6,,0,6,,0,0,0,,0,0,0,0,0,0,,0,0,6,,0,0,0,0,0,#REF!,#REF!,#REF!,#REF!,#REF!,#REF!,#REF!,#REF!,#REF!,#REF!,#REF!,#REF!,#REF!,#REF!,#REF!,#REF!,#REF!,,0,0,0,0,0,#REF!,#REF!,#REF!,#REF!,#REF!,#REF!,#REF!,#REF!,#REF!,#REF!,#REF!,#REF!,0,0,0,0,0,,0,0,0,0,0,,0,0,0,0,0,,0,5,,0,5,,0,0,0,,#REF!,#REF!,#REF!,#REF!,#REF!,#REF!,#REF!,#REF!,#REF!,#REF!,,,,,,,
,0,0,0,0,0,0,,0,0,0,0,0,0,,0,6,,0,6,,0,6,,0,0,0,,0,0,0,0,0,0,,0,0,6,,0,0,0,0,0,#REF!,#REF!,#REF!,#REF!,#REF!,#REF!,#REF!,#REF!,#REF!,#REF!,#REF!,#REF!,#REF!,#REF!,#REF!,#REF!,#REF!,,0,0,0,0,0,#REF!,#REF!,#REF!,#REF!,#REF!,#REF!,#REF!,#REF!,#REF!,#REF!,#REF!,#REF!,0,0,0,0,0,,0,0,0,0,0,,0,0,0,0,0,,0,5,,0,5,,0,0,0,,#REF!,#REF!,#REF!,#REF!,#REF!,#REF!,#REF!,#REF!,#REF!,#REF!,,,,,,,
,0,0,0,0,0,0,,0,0,0,0,0,0,,0,6,,0,6,,0,6,,0,0,0,,0,0,0,0,0,0,,0,0,6,,0,0,0,0,0,#REF!,#REF!,#REF!,#REF!,#REF!,#REF!,#REF!,#REF!,#REF!,#REF!,#REF!,#REF!,#REF!,#REF!,#REF!,#REF!,#REF!,,0,0,0,0,0,#REF!,#REF!,#REF!,#REF!,#REF!,#REF!,#REF!,#REF!,#REF!,#REF!,#REF!,#REF!,0,0,0,0,0,,0,0,0,0,0,,0,0,0,0,0,,0,5,,0,5,,0,0,0,,#REF!,#REF!,#REF!,#REF!,#REF!,#REF!,#REF!,#REF!,#REF!,#REF!,,,,,,,
,0,0,0,0,0,0,,0,0,0,0,0,0,,0,6,,0,6,,0,6,,0,0,0,,0,0,0,0,0,0,,0,0,6,,0,0,0,0,0,#REF!,#REF!,#REF!,#REF!,#REF!,#REF!,#REF!,#REF!,#REF!,#REF!,#REF!,#REF!,#REF!,#REF!,#REF!,#REF!,#REF!,,0,0,0,0,0,#REF!,#REF!,#REF!,#REF!,#REF!,#REF!,#REF!,#REF!,#REF!,#REF!,#REF!,#REF!,0,0,0,0,0,,0,0,0,0,0,,0,0,0,0,0,,0,5,,0,5,,0,0,0,,#REF!,#REF!,#REF!,#REF!,#REF!,#REF!,#REF!,#REF!,#REF!,#REF!,,,,,,,
,0,0,0,0,0,0,,0,0,0,0,0,0,,0,6,,0,6,,0,6,,0,0,0,,0,0,0,0,0,0,,0,0,6,,0,0,0,0,0,#REF!,#REF!,#REF!,#REF!,#REF!,#REF!,#REF!,#REF!,#REF!,#REF!,#REF!,#REF!,#REF!,#REF!,#REF!,#REF!,#REF!,,0,0,0,0,0,#REF!,#REF!,#REF!,#REF!,#REF!,#REF!,#REF!,#REF!,#REF!,#REF!,#REF!,#REF!,0,0,0,0,0,,0,0,0,0,0,,0,0,0,0,0,,0,5,,0,5,,0,0,0,,#REF!,#REF!,#REF!,#REF!,#REF!,#REF!,#REF!,#REF!,#REF!,#REF!,,,,,,,
,0,0,0,0,0,0,,0,0,0,0,0,0,,0,6,,0,6,,0,6,,0,0,0,,0,0,0,0,0,0,,0,0,6,,0,0,0,0,0,#REF!,#REF!,#REF!,#REF!,#REF!,#REF!,#REF!,#REF!,#REF!,#REF!,#REF!,#REF!,#REF!,#REF!,#REF!,#REF!,#REF!,,0,0,0,0,0,#REF!,#REF!,#REF!,#REF!,#REF!,#REF!,#REF!,#REF!,#REF!,#REF!,#REF!,#REF!,0,0,0,0,0,,0,0,0,0,0,,0,0,0,0,0,,0,5,,0,5,,0,0,0,,#REF!,#REF!,#REF!,#REF!,#REF!,#REF!,#REF!,#REF!,#REF!,#REF!,,,,,,,
,0,0,0,0,0,0,,0,0,0,0,0,0,,0,6,,0,6,,0,6,,0,0,0,,0,0,0,0,0,0,,0,0,6,,0,0,0,0,0,#REF!,#REF!,#REF!,#REF!,#REF!,#REF!,#REF!,#REF!,#REF!,#REF!,#REF!,#REF!,#REF!,#REF!,#REF!,#REF!,#REF!,,0,0,0,0,0,#REF!,#REF!,#REF!,#REF!,#REF!,#REF!,#REF!,#REF!,#REF!,#REF!,#REF!,#REF!,0,0,0,0,0,,0,0,0,0,0,,0,0,0,0,0,,0,5,,0,5,,0,0,0,,#REF!,#REF!,#REF!,#REF!,#REF!,#REF!,#REF!,#REF!,#REF!,#REF!,,,,,,,
,0,0,0,0,0,0,,0,0,0,0,0,0,,0,6,,0,6,,0,6,,0,0,0,,0,0,0,0,0,0,,0,0,6,,0,0,0,0,0,#REF!,#REF!,#REF!,#REF!,#REF!,#REF!,#REF!,#REF!,#REF!,#REF!,#REF!,#REF!,#REF!,#REF!,#REF!,#REF!,#REF!,,0,0,0,0,0,#REF!,#REF!,#REF!,#REF!,#REF!,#REF!,#REF!,#REF!,#REF!,#REF!,#REF!,#REF!,0,0,0,0,0,,0,0,0,0,0,,0,0,0,0,0,,0,5,,0,5,,0,0,0,,#REF!,#REF!,#REF!,#REF!,#REF!,#REF!,#REF!,#REF!,#REF!,#REF!,,,,,,,
,0,0,0,0,0,0,,0,0,0,0,0,0,,0,6,,0,6,,0,6,,0,0,0,,0,0,0,0,0,0,,0,0,6,,0,0,0,0,0,#REF!,#REF!,#REF!,#REF!,#REF!,#REF!,#REF!,#REF!,#REF!,#REF!,#REF!,#REF!,#REF!,#REF!,#REF!,#REF!,#REF!,,0,0,0,0,0,#REF!,#REF!,#REF!,#REF!,#REF!,#REF!,#REF!,#REF!,#REF!,#REF!,#REF!,#REF!,0,0,0,0,0,,0,0,0,0,0,,0,0,0,0,0,,0,5,,0,5,,0,0,0,,#REF!,#REF!,#REF!,#REF!,#REF!,#REF!,#REF!,#REF!,#REF!,#REF!,,,,,,,
,0,0,0,0,0,0,,0,0,0,0,0,0,,0,6,,0,6,,0,6,,0,0,0,,0,0,0,0,0,0,,0,0,6,,0,0,0,0,0,#REF!,#REF!,#REF!,#REF!,#REF!,#REF!,#REF!,#REF!,#REF!,#REF!,#REF!,#REF!,#REF!,#REF!,#REF!,#REF!,#REF!,,0,0,0,0,0,#REF!,#REF!,#REF!,#REF!,#REF!,#REF!,#REF!,#REF!,#REF!,#REF!,#REF!,#REF!,0,0,0,0,0,,0,0,0,0,0,,0,0,0,0,0,,0,5,,0,5,,0,0,0,,#REF!,#REF!,#REF!,#REF!,#REF!,#REF!,#REF!,#REF!,#REF!,#REF!,,,,,,,
,0,0,0,0,0,0,,0,0,0,0,0,0,,0,6,,0,6,,0,6,,0,0,0,,0,0,0,0,0,0,,0,0,6,,0,0,0,0,0,#REF!,#REF!,#REF!,#REF!,#REF!,#REF!,#REF!,#REF!,#REF!,#REF!,#REF!,#REF!,#REF!,#REF!,#REF!,#REF!,#REF!,,0,0,0,0,0,#REF!,#REF!,#REF!,#REF!,#REF!,#REF!,#REF!,#REF!,#REF!,#REF!,#REF!,#REF!,0,0,0,0,0,,0,0,0,0,0,,0,0,0,0,0,,0,5,,0,5,,0,0,0,,#REF!,#REF!,#REF!,#REF!,#REF!,#REF!,#REF!,#REF!,#REF!,#REF!,,,,,,,
,0,0,0,0,0,0,,0,0,0,0,0,0,,0,6,,0,6,,0,6,,0,0,0,,0,0,0,0,0,0,,0,0,6,,0,0,0,0,0,#REF!,#REF!,#REF!,#REF!,#REF!,#REF!,#REF!,#REF!,#REF!,#REF!,#REF!,#REF!,#REF!,#REF!,#REF!,#REF!,#REF!,,0,0,0,0,0,#REF!,#REF!,#REF!,#REF!,#REF!,#REF!,#REF!,#REF!,#REF!,#REF!,#REF!,#REF!,0,0,0,0,0,,0,0,0,0,0,,0,0,0,0,0,,0,5,,0,5,,0,0,0,,#REF!,#REF!,#REF!,#REF!,#REF!,#REF!,#REF!,#REF!,#REF!,#REF!,,,,,,,
,0,0,0,0,0,0,,0,0,0,0,0,0,,0,6,,0,6,,0,6,,0,0,0,,0,0,0,0,0,0,,0,0,6,,0,0,0,0,0,#REF!,#REF!,#REF!,#REF!,#REF!,#REF!,#REF!,#REF!,#REF!,#REF!,#REF!,#REF!,#REF!,#REF!,#REF!,#REF!,#REF!,,0,0,0,0,0,#REF!,#REF!,#REF!,#REF!,#REF!,#REF!,#REF!,#REF!,#REF!,#REF!,#REF!,#REF!,0,0,0,0,0,,0,0,0,0,0,,0,0,0,0,0,,0,5,,0,5,,0,0,0,,#REF!,#REF!,#REF!,#REF!,#REF!,#REF!,#REF!,#REF!,#REF!,#REF!,,,,,,,
,0,0,0,0,0,0,,0,0,0,0,0,0,,0,6,,0,6,,0,6,,0,0,0,,0,0,0,0,0,0,,0,0,6,,0,0,0,0,0,#REF!,#REF!,#REF!,#REF!,#REF!,#REF!,#REF!,#REF!,#REF!,#REF!,#REF!,#REF!,#REF!,#REF!,#REF!,#REF!,#REF!,,0,0,0,0,0,#REF!,#REF!,#REF!,#REF!,#REF!,#REF!,#REF!,#REF!,#REF!,#REF!,#REF!,#REF!,0,0,0,0,0,,0,0,0,0,0,,0,0,0,0,0,,0,5,,0,5,,0,0,0,,#REF!,#REF!,#REF!,#REF!,#REF!,#REF!,#REF!,#REF!,#REF!,#REF!,,,,,,,
,0,0,0,0,0,0,,0,0,0,0,0,0,,0,6,,0,6,,0,6,,0,0,0,,0,0,0,0,0,0,,0,0,6,,0,0,0,0,0,#REF!,#REF!,#REF!,#REF!,#REF!,#REF!,#REF!,#REF!,#REF!,#REF!,#REF!,#REF!,#REF!,#REF!,#REF!,#REF!,#REF!,,0,0,0,0,0,#REF!,#REF!,#REF!,#REF!,#REF!,#REF!,#REF!,#REF!,#REF!,#REF!,#REF!,#REF!,0,0,0,0,0,,0,0,0,0,0,,0,0,0,0,0,,0,5,,0,5,,0,0,0,,#REF!,#REF!,#REF!,#REF!,#REF!,#REF!,#REF!,#REF!,#REF!,#REF!,,,,,,,
,0,0,0,0,0,0,,0,0,0,0,0,0,,0,6,,0,6,,0,6,,0,0,0,,0,0,0,0,0,0,,0,0,6,,0,0,0,0,0,#REF!,#REF!,#REF!,#REF!,#REF!,#REF!,#REF!,#REF!,#REF!,#REF!,#REF!,#REF!,#REF!,#REF!,#REF!,#REF!,#REF!,,0,0,0,0,0,#REF!,#REF!,#REF!,#REF!,#REF!,#REF!,#REF!,#REF!,#REF!,#REF!,#REF!,#REF!,0,0,0,0,0,,0,0,0,0,0,,0,0,0,0,0,,0,5,,0,5,,0,0,0,,#REF!,#REF!,#REF!,#REF!,#REF!,#REF!,#REF!,#REF!,#REF!,#REF!,,,,,,,
,0,0,0,0,0,0,,0,0,0,0,0,0,,0,6,,0,6,,0,6,,0,0,0,,0,0,0,0,0,0,,0,0,6,,0,0,0,0,0,#REF!,#REF!,#REF!,#REF!,#REF!,#REF!,#REF!,#REF!,#REF!,#REF!,#REF!,#REF!,#REF!,#REF!,#REF!,#REF!,#REF!,,0,0,0,0,0,#REF!,#REF!,#REF!,#REF!,#REF!,#REF!,#REF!,#REF!,#REF!,#REF!,#REF!,#REF!,0,0,0,0,0,,0,0,0,0,0,,0,0,0,0,0,,0,5,,0,5,,0,0,0,,#REF!,#REF!,#REF!,#REF!,#REF!,#REF!,#REF!,#REF!,#REF!,#REF!,,,,,,,
,0,0,0,0,0,0,,0,0,0,0,0,0,,0,6,,0,6,,0,6,,0,0,0,,0,0,0,0,0,0,,0,0,6,,0,0,0,0,0,#REF!,#REF!,#REF!,#REF!,#REF!,#REF!,#REF!,#REF!,#REF!,#REF!,#REF!,#REF!,#REF!,#REF!,#REF!,#REF!,#REF!,,0,0,0,0,0,#REF!,#REF!,#REF!,#REF!,#REF!,#REF!,#REF!,#REF!,#REF!,#REF!,#REF!,#REF!,0,0,0,0,0,,0,0,0,0,0,,0,0,0,0,0,,0,5,,0,5,,0,0,0,,#REF!,#REF!,#REF!,#REF!,#REF!,#REF!,#REF!,#REF!,#REF!,#REF!,,,,,,,
,0,0,0,0,0,0,,0,0,0,0,0,0,,0,6,,0,6,,0,6,,0,0,0,,0,0,0,0,0,0,,0,0,6,,0,0,0,0,0,#REF!,#REF!,#REF!,#REF!,#REF!,#REF!,#REF!,#REF!,#REF!,#REF!,#REF!,#REF!,#REF!,#REF!,#REF!,#REF!,#REF!,,0,0,0,0,0,#REF!,#REF!,#REF!,#REF!,#REF!,#REF!,#REF!,#REF!,#REF!,#REF!,#REF!,#REF!,0,0,0,0,0,,0,0,0,0,0,,0,0,0,0,0,,0,5,,0,5,,0,0,0,,#REF!,#REF!,#REF!,#REF!,#REF!,#REF!,#REF!,#REF!,#REF!,#REF!,,,,,,,
,0,0,0,0,0,0,,0,0,0,0,0,0,,0,6,,0,6,,0,6,,0,0,0,,0,0,0,0,0,0,,0,0,6,,0,0,0,0,0,#REF!,#REF!,#REF!,#REF!,#REF!,#REF!,#REF!,#REF!,#REF!,#REF!,#REF!,#REF!,#REF!,#REF!,#REF!,#REF!,#REF!,,0,0,0,0,0,#REF!,#REF!,#REF!,#REF!,#REF!,#REF!,#REF!,#REF!,#REF!,#REF!,#REF!,#REF!,0,0,0,0,0,,0,0,0,0,0,,0,0,0,0,0,,0,5,,0,5,,0,0,0,,#REF!,#REF!,#REF!,#REF!,#REF!,#REF!,#REF!,#REF!,#REF!,#REF!,,,,,,,
,0,0,0,0,0,0,,0,0,0,0,0,0,,0,6,,0,6,,0,6,,0,0,0,,0,0,0,0,0,0,,0,0,6,,0,0,0,0,0,#REF!,#REF!,#REF!,#REF!,#REF!,#REF!,#REF!,#REF!,#REF!,#REF!,#REF!,#REF!,#REF!,#REF!,#REF!,#REF!,#REF!,,0,0,0,0,0,#REF!,#REF!,#REF!,#REF!,#REF!,#REF!,#REF!,#REF!,#REF!,#REF!,#REF!,#REF!,0,0,0,0,0,,0,0,0,0,0,,0,0,0,0,0,,0,5,,0,5,,0,0,0,,#REF!,#REF!,#REF!,#REF!,#REF!,#REF!,#REF!,#REF!,#REF!,#REF!,,,,,,,
,0,0,0,0,0,0,,0,0,0,0,0,0,,0,6,,0,6,,0,6,,0,0,0,,0,0,0,0,0,0,,0,0,6,,0,0,0,0,0,#REF!,#REF!,#REF!,#REF!,#REF!,#REF!,#REF!,#REF!,#REF!,#REF!,#REF!,#REF!,#REF!,#REF!,#REF!,#REF!,#REF!,,0,0,0,0,0,#REF!,#REF!,#REF!,#REF!,#REF!,#REF!,#REF!,#REF!,#REF!,#REF!,#REF!,#REF!,0,0,0,0,0,,0,0,0,0,0,,0,0,0,0,0,,0,5,,0,5,,0,0,0,,#REF!,#REF!,#REF!,#REF!,#REF!,#REF!,#REF!,#REF!,#REF!,#REF!,,,,,,,
,0,0,0,0,0,0,,0,0,0,0,0,0,,0,6,,0,6,,0,6,,0,0,0,,0,0,0,0,0,0,,0,0,6,,0,0,0,0,0,#REF!,#REF!,#REF!,#REF!,#REF!,#REF!,#REF!,#REF!,#REF!,#REF!,#REF!,#REF!,#REF!,#REF!,#REF!,#REF!,#REF!,,0,0,0,0,0,#REF!,#REF!,#REF!,#REF!,#REF!,#REF!,#REF!,#REF!,#REF!,#REF!,#REF!,#REF!,0,0,0,0,0,,0,0,0,0,0,,0,0,0,0,0,,0,5,,0,5,,0,0,0,,#REF!,#REF!,#REF!,#REF!,#REF!,#REF!,#REF!,#REF!,#REF!,#REF!,,,,,,,
,0,0,0,0,0,0,,0,0,0,0,0,0,,0,6,,0,6,,0,6,,0,0,0,,0,0,0,0,0,0,,0,0,6,,0,0,0,0,0,#REF!,#REF!,#REF!,#REF!,#REF!,#REF!,#REF!,#REF!,#REF!,#REF!,#REF!,#REF!,#REF!,#REF!,#REF!,#REF!,#REF!,,0,0,0,0,0,#REF!,#REF!,#REF!,#REF!,#REF!,#REF!,#REF!,#REF!,#REF!,#REF!,#REF!,#REF!,0,0,0,0,0,,0,0,0,0,0,,0,0,0,0,0,,0,5,,0,5,,0,0,0,,#REF!,#REF!,#REF!,#REF!,#REF!,#REF!,#REF!,#REF!,#REF!,#REF!,,,,,,,
,0,0,0,0,0,0,,0,0,0,0,0,0,,0,6,,0,6,,0,6,,0,0,0,,0,0,0,0,0,0,,0,0,6,,0,0,0,0,0,#REF!,#REF!,#REF!,#REF!,#REF!,#REF!,#REF!,#REF!,#REF!,#REF!,#REF!,#REF!,#REF!,#REF!,#REF!,#REF!,#REF!,,0,0,0,0,0,#REF!,#REF!,#REF!,#REF!,#REF!,#REF!,#REF!,#REF!,#REF!,#REF!,#REF!,#REF!,0,0,0,0,0,,0,0,0,0,0,,0,0,0,0,0,,0,5,,0,5,,0,0,0,,#REF!,#REF!,#REF!,#REF!,#REF!,#REF!,#REF!,#REF!,#REF!,#REF!,,,,,,,
,0,0,0,0,0,0,,0,0,0,0,0,0,,0,6,,0,6,,0,6,,0,0,0,,0,0,0,0,0,0,,0,0,6,,0,0,0,0,0,#REF!,#REF!,#REF!,#REF!,#REF!,#REF!,#REF!,#REF!,#REF!,#REF!,#REF!,#REF!,#REF!,#REF!,#REF!,#REF!,#REF!,,0,0,0,0,0,#REF!,#REF!,#REF!,#REF!,#REF!,#REF!,#REF!,#REF!,#REF!,#REF!,#REF!,#REF!,0,0,0,0,0,,0,0,0,0,0,,0,0,0,0,0,,0,5,,0,5,,0,0,0,,#REF!,#REF!,#REF!,#REF!,#REF!,#REF!,#REF!,#REF!,#REF!,#REF!,,,,,,,
,0,0,0,0,0,0,,0,0,0,0,0,0,,0,6,,0,6,,0,6,,0,0,0,,0,0,0,0,0,0,,0,0,6,,0,0,0,0,0,#REF!,#REF!,#REF!,#REF!,#REF!,#REF!,#REF!,#REF!,#REF!,#REF!,#REF!,#REF!,#REF!,#REF!,#REF!,#REF!,#REF!,,0,0,0,0,0,#REF!,#REF!,#REF!,#REF!,#REF!,#REF!,#REF!,#REF!,#REF!,#REF!,#REF!,#REF!,0,0,0,0,0,,0,0,0,0,0,,0,0,0,0,0,,0,5,,0,5,,0,0,0,,#REF!,#REF!,#REF!,#REF!,#REF!,#REF!,#REF!,#REF!,#REF!,#REF!,,,,,,,
,0,0,0,0,0,0,,0,0,0,0,0,0,,0,6,,0,6,,0,6,,0,0,0,,0,0,0,0,0,0,,0,0,6,,0,0,0,0,0,#REF!,#REF!,#REF!,#REF!,#REF!,#REF!,#REF!,#REF!,#REF!,#REF!,#REF!,#REF!,#REF!,#REF!,#REF!,#REF!,#REF!,,0,0,0,0,0,#REF!,#REF!,#REF!,#REF!,#REF!,#REF!,#REF!,#REF!,#REF!,#REF!,#REF!,#REF!,0,0,0,0,0,,0,0,0,0,0,,0,0,0,0,0,,0,5,,0,5,,0,0,0,,#REF!,#REF!,#REF!,#REF!,#REF!,#REF!,#REF!,#REF!,#REF!,#REF!,,,,,,,
,0,0,0,0,0,0,,0,0,0,0,0,0,,0,6,,0,6,,0,6,,0,0,0,,0,0,0,0,0,0,,0,0,6,,0,0,0,0,0,#REF!,#REF!,#REF!,#REF!,#REF!,#REF!,#REF!,#REF!,#REF!,#REF!,#REF!,#REF!,#REF!,#REF!,#REF!,#REF!,#REF!,,0,0,0,0,0,#REF!,#REF!,#REF!,#REF!,#REF!,#REF!,#REF!,#REF!,#REF!,#REF!,#REF!,#REF!,0,0,0,0,0,,0,0,0,0,0,,0,0,0,0,0,,0,5,,0,5,,0,0,0,,#REF!,#REF!,#REF!,#REF!,#REF!,#REF!,#REF!,#REF!,#REF!,#REF!,,,,,,,
,0,0,0,0,0,0,,0,0,0,0,0,0,,0,6,,0,6,,0,6,,0,0,0,,0,0,0,0,0,0,,0,0,6,,0,0,0,0,0,#REF!,#REF!,#REF!,#REF!,#REF!,#REF!,#REF!,#REF!,#REF!,#REF!,#REF!,#REF!,#REF!,#REF!,#REF!,#REF!,#REF!,,0,0,0,0,0,#REF!,#REF!,#REF!,#REF!,#REF!,#REF!,#REF!,#REF!,#REF!,#REF!,#REF!,#REF!,0,0,0,0,0,,0,0,0,0,0,,0,0,0,0,0,,0,5,,0,5,,0,0,0,,#REF!,#REF!,#REF!,#REF!,#REF!,#REF!,#REF!,#REF!,#REF!,#REF!,,,,,,,
,0,0,0,0,0,0,,0,0,0,0,0,0,,0,6,,0,6,,0,6,,0,0,0,,0,0,0,0,0,0,,0,0,6,,0,0,0,0,0,#REF!,#REF!,#REF!,#REF!,#REF!,#REF!,#REF!,#REF!,#REF!,#REF!,#REF!,#REF!,#REF!,#REF!,#REF!,#REF!,#REF!,,0,0,0,0,0,#REF!,#REF!,#REF!,#REF!,#REF!,#REF!,#REF!,#REF!,#REF!,#REF!,#REF!,#REF!,0,0,0,0,0,,0,0,0,0,0,,0,0,0,0,0,,0,5,,0,5,,0,0,0,,#REF!,#REF!,#REF!,#REF!,#REF!,#REF!,#REF!,#REF!,#REF!,#REF!,,,,,,,
,0,0,0,0,0,0,,0,0,0,0,0,0,,0,6,,0,6,,0,6,,0,0,0,,0,0,0,0,0,0,,0,0,6,,0,0,0,0,0,#REF!,#REF!,#REF!,#REF!,#REF!,#REF!,#REF!,#REF!,#REF!,#REF!,#REF!,#REF!,#REF!,#REF!,#REF!,#REF!,#REF!,,0,0,0,0,0,#REF!,#REF!,#REF!,#REF!,#REF!,#REF!,#REF!,#REF!,#REF!,#REF!,#REF!,#REF!,0,0,0,0,0,,0,0,0,0,0,,0,0,0,0,0,,0,5,,0,5,,0,0,0,,#REF!,#REF!,#REF!,#REF!,#REF!,#REF!,#REF!,#REF!,#REF!,#REF!,,,,,,,
,0,0,0,0,0,0,,0,0,0,0,0,0,,0,6,,0,6,,0,6,,0,0,0,,0,0,0,0,0,0,,0,0,6,,0,0,0,0,0,#REF!,#REF!,#REF!,#REF!,#REF!,#REF!,#REF!,#REF!,#REF!,#REF!,#REF!,#REF!,#REF!,#REF!,#REF!,#REF!,#REF!,,0,0,0,0,0,#REF!,#REF!,#REF!,#REF!,#REF!,#REF!,#REF!,#REF!,#REF!,#REF!,#REF!,#REF!,0,0,0,0,0,,0,0,0,0,0,,0,0,0,0,0,,0,5,,0,5,,0,0,0,,#REF!,#REF!,#REF!,#REF!,#REF!,#REF!,#REF!,#REF!,#REF!,#REF!,,,,,,,
,0,0,0,0,0,0,,0,0,0,0,0,0,,0,6,,0,6,,0,6,,0,0,0,,0,0,0,0,0,0,,0,0,6,,0,0,0,0,0,#REF!,#REF!,#REF!,#REF!,#REF!,#REF!,#REF!,#REF!,#REF!,#REF!,#REF!,#REF!,#REF!,#REF!,#REF!,#REF!,#REF!,,0,0,0,0,0,#REF!,#REF!,#REF!,#REF!,#REF!,#REF!,#REF!,#REF!,#REF!,#REF!,#REF!,#REF!,0,0,0,0,0,,0,0,0,0,0,,0,0,0,0,0,,0,5,,0,5,,0,0,0,,#REF!,#REF!,#REF!,#REF!,#REF!,#REF!,#REF!,#REF!,#REF!,#REF!,,,,,,,
,0,0,0,0,0,0,,0,0,0,0,0,0,,0,6,,0,6,,0,6,,0,0,0,,0,0,0,0,0,0,,0,0,6,,0,0,0,0,0,#REF!,#REF!,#REF!,#REF!,#REF!,#REF!,#REF!,#REF!,#REF!,#REF!,#REF!,#REF!,#REF!,#REF!,#REF!,#REF!,#REF!,,0,0,0,0,0,#REF!,#REF!,#REF!,#REF!,#REF!,#REF!,#REF!,#REF!,#REF!,#REF!,#REF!,#REF!,0,0,0,0,0,,0,0,0,0,0,,0,0,0,0,0,,0,5,,0,5,,0,0,0,,#REF!,#REF!,#REF!,#REF!,#REF!,#REF!,#REF!,#REF!,#REF!,#REF!,,,,,,,
,0,0,0,0,0,0,,0,0,0,0,0,0,,0,6,,0,6,,0,6,,0,0,0,,0,0,0,0,0,0,,0,0,6,,0,0,0,0,0,#REF!,#REF!,#REF!,#REF!,#REF!,#REF!,#REF!,#REF!,#REF!,#REF!,#REF!,#REF!,#REF!,#REF!,#REF!,#REF!,#REF!,,0,0,0,0,0,#REF!,#REF!,#REF!,#REF!,#REF!,#REF!,#REF!,#REF!,#REF!,#REF!,#REF!,#REF!,0,0,0,0,0,,0,0,0,0,0,,0,0,0,0,0,,0,5,,0,5,,0,0,0,,#REF!,#REF!,#REF!,#REF!,#REF!,#REF!,#REF!,#REF!,#REF!,#REF!,,,,,,,
,0,0,0,0,0,0,,0,0,0,0,0,0,,0,6,,0,6,,0,6,,0,0,0,,0,0,0,0,0,0,,0,0,6,,0,0,0,0,0,#REF!,#REF!,#REF!,#REF!,#REF!,#REF!,#REF!,#REF!,#REF!,#REF!,#REF!,#REF!,#REF!,#REF!,#REF!,#REF!,#REF!,,0,0,0,0,0,#REF!,#REF!,#REF!,#REF!,#REF!,#REF!,#REF!,#REF!,#REF!,#REF!,#REF!,#REF!,0,0,0,0,0,,0,0,0,0,0,,0,0,0,0,0,,0,5,,0,5,,0,0,0,,#REF!,#REF!,#REF!,#REF!,#REF!,#REF!,#REF!,#REF!,#REF!,#REF!,,,,,,,
,0,0,0,0,0,0,,0,0,0,0,0,0,,0,6,,0,6,,0,6,,0,0,0,,0,0,0,0,0,0,,0,0,6,,0,0,0,0,0,#REF!,#REF!,#REF!,#REF!,#REF!,#REF!,#REF!,#REF!,#REF!,#REF!,#REF!,#REF!,#REF!,#REF!,#REF!,#REF!,#REF!,,0,0,0,0,0,#REF!,#REF!,#REF!,#REF!,#REF!,#REF!,#REF!,#REF!,#REF!,#REF!,#REF!,#REF!,0,0,0,0,0,,0,0,0,0,0,,0,0,0,0,0,,0,5,,0,5,,0,0,0,,#REF!,#REF!,#REF!,#REF!,#REF!,#REF!,#REF!,#REF!,#REF!,#REF!,,,,,,,
,0,0,0,0,0,0,,0,0,0,0,0,0,,0,6,,0,6,,0,6,,0,0,0,,0,0,0,0,0,0,,0,0,6,,0,0,0,0,0,#REF!,#REF!,#REF!,#REF!,#REF!,#REF!,#REF!,#REF!,#REF!,#REF!,#REF!,#REF!,#REF!,#REF!,#REF!,#REF!,#REF!,,0,0,0,0,0,#REF!,#REF!,#REF!,#REF!,#REF!,#REF!,#REF!,#REF!,#REF!,#REF!,#REF!,#REF!,0,0,0,0,0,,0,0,0,0,0,,0,0,0,0,0,,0,5,,0,5,,0,0,0,,#REF!,#REF!,#REF!,#REF!,#REF!,#REF!,#REF!,#REF!,#REF!,#REF!,,,,,,,
,0,0,0,0,0,0,,0,0,0,0,0,0,,0,6,,0,6,,0,6,,0,0,0,,0,0,0,0,0,0,,0,0,6,,0,0,0,0,0,#REF!,#REF!,#REF!,#REF!,#REF!,#REF!,#REF!,#REF!,#REF!,#REF!,#REF!,#REF!,#REF!,#REF!,#REF!,#REF!,#REF!,,0,0,0,0,0,#REF!,#REF!,#REF!,#REF!,#REF!,#REF!,#REF!,#REF!,#REF!,#REF!,#REF!,#REF!,0,0,0,0,0,,0,0,0,0,0,,0,0,0,0,0,,0,5,,0,5,,0,0,0,,#REF!,#REF!,#REF!,#REF!,#REF!,#REF!,#REF!,#REF!,#REF!,#REF!,,,,,,,
,0,0,0,0,0,0,,0,0,0,0,0,0,,0,6,,0,6,,0,6,,0,0,0,,0,0,0,0,0,0,,0,0,6,,0,0,0,0,0,#REF!,#REF!,#REF!,#REF!,#REF!,#REF!,#REF!,#REF!,#REF!,#REF!,#REF!,#REF!,#REF!,#REF!,#REF!,#REF!,#REF!,,0,0,0,0,0,#REF!,#REF!,#REF!,#REF!,#REF!,#REF!,#REF!,#REF!,#REF!,#REF!,#REF!,#REF!,0,0,0,0,0,,0,0,0,0,0,,0,0,0,0,0,,0,5,,0,5,,0,0,0,,#REF!,#REF!,#REF!,#REF!,#REF!,#REF!,#REF!,#REF!,#REF!,#REF!,,,,,,,
,0,0,0,0,0,0,,0,0,0,0,0,0,,0,6,,0,6,,0,6,,0,0,0,,0,0,0,0,0,0,,0,0,6,,0,0,0,0,0,#REF!,#REF!,#REF!,#REF!,#REF!,#REF!,#REF!,#REF!,#REF!,#REF!,#REF!,#REF!,#REF!,#REF!,#REF!,#REF!,#REF!,,0,0,0,0,0,#REF!,#REF!,#REF!,#REF!,#REF!,#REF!,#REF!,#REF!,#REF!,#REF!,#REF!,#REF!,0,0,0,0,0,,0,0,0,0,0,,0,0,0,0,0,,0,5,,0,5,,0,0,0,,#REF!,#REF!,#REF!,#REF!,#REF!,#REF!,#REF!,#REF!,#REF!,#REF!,,,,,,,
,0,0,0,0,0,0,,0,0,0,0,0,0,,0,6,,0,6,,0,6,,0,0,0,,0,0,0,0,0,0,,0,0,6,,0,0,0,0,0,#REF!,#REF!,#REF!,#REF!,#REF!,#REF!,#REF!,#REF!,#REF!,#REF!,#REF!,#REF!,#REF!,#REF!,#REF!,#REF!,#REF!,,0,0,0,0,0,#REF!,#REF!,#REF!,#REF!,#REF!,#REF!,#REF!,#REF!,#REF!,#REF!,#REF!,#REF!,0,0,0,0,0,,0,0,0,0,0,,0,0,0,0,0,,0,5,,0,5,,0,0,0,,#REF!,#REF!,#REF!,#REF!,#REF!,#REF!,#REF!,#REF!,#REF!,#REF!,,,,,,,
,0,0,0,0,0,0,,0,0,0,0,0,0,,0,6,,0,6,,0,6,,0,0,0,,0,0,0,0,0,0,,0,0,6,,0,0,0,0,0,#REF!,#REF!,#REF!,#REF!,#REF!,#REF!,#REF!,#REF!,#REF!,#REF!,#REF!,#REF!,#REF!,#REF!,#REF!,#REF!,#REF!,,0,0,0,0,0,#REF!,#REF!,#REF!,#REF!,#REF!,#REF!,#REF!,#REF!,#REF!,#REF!,#REF!,#REF!,0,0,0,0,0,,0,0,0,0,0,,0,0,0,0,0,,0,5,,0,5,,0,0,0,,#REF!,#REF!,#REF!,#REF!,#REF!,#REF!,#REF!,#REF!,#REF!,#REF!,,,,,,,
,0,0,0,0,0,0,,0,0,0,0,0,0,,0,6,,0,6,,0,6,,0,0,0,,0,0,0,0,0,0,,0,0,6,,0,0,0,0,0,#REF!,#REF!,#REF!,#REF!,#REF!,#REF!,#REF!,#REF!,#REF!,#REF!,#REF!,#REF!,#REF!,#REF!,#REF!,#REF!,#REF!,,0,0,0,0,0,#REF!,#REF!,#REF!,#REF!,#REF!,#REF!,#REF!,#REF!,#REF!,#REF!,#REF!,#REF!,0,0,0,0,0,,0,0,0,0,0,,0,0,0,0,0,,0,5,,0,5,,0,0,0,,#REF!,#REF!,#REF!,#REF!,#REF!,#REF!,#REF!,#REF!,#REF!,#REF!,,,,,,,
,0,0,0,0,0,0,,0,0,0,0,0,0,,0,6,,0,6,,0,6,,0,0,0,,0,0,0,0,0,0,,0,0,6,,0,0,0,0,0,#REF!,#REF!,#REF!,#REF!,#REF!,#REF!,#REF!,#REF!,#REF!,#REF!,#REF!,#REF!,#REF!,#REF!,#REF!,#REF!,#REF!,,0,0,0,0,0,#REF!,#REF!,#REF!,#REF!,#REF!,#REF!,#REF!,#REF!,#REF!,#REF!,#REF!,#REF!,0,0,0,0,0,,0,0,0,0,0,,0,0,0,0,0,,0,5,,0,5,,0,0,0,,#REF!,#REF!,#REF!,#REF!,#REF!,#REF!,#REF!,#REF!,#REF!,#REF!,,,,,,,
,0,0,0,0,0,0,,0,0,0,0,0,0,,0,6,,0,6,,0,6,,0,0,0,,0,0,0,0,0,0,,0,0,6,,0,0,0,0,0,#REF!,#REF!,#REF!,#REF!,#REF!,#REF!,#REF!,#REF!,#REF!,#REF!,#REF!,#REF!,#REF!,#REF!,#REF!,#REF!,#REF!,,0,0,0,0,0,#REF!,#REF!,#REF!,#REF!,#REF!,#REF!,#REF!,#REF!,#REF!,#REF!,#REF!,#REF!,0,0,0,0,0,,0,0,0,0,0,,0,0,0,0,0,,0,5,,0,5,,0,0,0,,#REF!,#REF!,#REF!,#REF!,#REF!,#REF!,#REF!,#REF!,#REF!,#REF!,,,,,,,
,0,0,0,0,0,0,,0,0,0,0,0,0,,0,6,,0,6,,0,6,,0,0,0,,0,0,0,0,0,0,,0,0,6,,0,0,0,0,0,#REF!,#REF!,#REF!,#REF!,#REF!,#REF!,#REF!,#REF!,#REF!,#REF!,#REF!,#REF!,#REF!,#REF!,#REF!,#REF!,#REF!,,0,0,0,0,0,#REF!,#REF!,#REF!,#REF!,#REF!,#REF!,#REF!,#REF!,#REF!,#REF!,#REF!,#REF!,0,0,0,0,0,,0,0,0,0,0,,0,0,0,0,0,,0,5,,0,5,,0,0,0,,#REF!,#REF!,#REF!,#REF!,#REF!,#REF!,#REF!,#REF!,#REF!,#REF!,,,,,,,
,0,0,0,0,0,0,,0,0,0,0,0,0,,0,6,,0,6,,0,6,,0,0,0,,0,0,0,0,0,0,,0,0,6,,0,0,0,0,0,#REF!,#REF!,#REF!,#REF!,#REF!,#REF!,#REF!,#REF!,#REF!,#REF!,#REF!,#REF!,#REF!,#REF!,#REF!,#REF!,#REF!,,0,0,0,0,0,#REF!,#REF!,#REF!,#REF!,#REF!,#REF!,#REF!,#REF!,#REF!,#REF!,#REF!,#REF!,0,0,0,0,0,,0,0,0,0,0,,0,0,0,0,0,,0,5,,0,5,,0,0,0,,#REF!,#REF!,#REF!,#REF!,#REF!,#REF!,#REF!,#REF!,#REF!,#REF!,,,,,,,
,0,0,0,0,0,0,,0,0,0,0,0,0,,0,6,,0,6,,0,6,,0,0,0,,0,0,0,0,0,0,,0,0,6,,0,0,0,0,0,#REF!,#REF!,#REF!,#REF!,#REF!,#REF!,#REF!,#REF!,#REF!,#REF!,#REF!,#REF!,#REF!,#REF!,#REF!,#REF!,#REF!,,0,0,0,0,0,#REF!,#REF!,#REF!,#REF!,#REF!,#REF!,#REF!,#REF!,#REF!,#REF!,#REF!,#REF!,0,0,0,0,0,,0,0,0,0,0,,0,0,0,0,0,,0,5,,0,5,,0,0,0,,#REF!,#REF!,#REF!,#REF!,#REF!,#REF!,#REF!,#REF!,#REF!,#REF!,,,,,,,
,0,0,0,0,0,0,,0,0,0,0,0,0,,0,6,,0,6,,0,6,,0,0,0,,0,0,0,0,0,0,,0,0,6,,0,0,0,0,0,#REF!,#REF!,#REF!,#REF!,#REF!,#REF!,#REF!,#REF!,#REF!,#REF!,#REF!,#REF!,#REF!,#REF!,#REF!,#REF!,#REF!,,0,0,0,0,0,#REF!,#REF!,#REF!,#REF!,#REF!,#REF!,#REF!,#REF!,#REF!,#REF!,#REF!,#REF!,0,0,0,0,0,,0,0,0,0,0,,0,0,0,0,0,,0,5,,0,5,,0,0,0,,#REF!,#REF!,#REF!,#REF!,#REF!,#REF!,#REF!,#REF!,#REF!,#REF!,,,,,,,
,0,0,0,0,0,0,,0,0,0,0,0,0,,0,6,,0,6,,0,6,,0,0,0,,0,0,0,0,0,0,,0,0,6,,0,0,0,0,0,#REF!,#REF!,#REF!,#REF!,#REF!,#REF!,#REF!,#REF!,#REF!,#REF!,#REF!,#REF!,#REF!,#REF!,#REF!,#REF!,#REF!,,0,0,0,0,0,#REF!,#REF!,#REF!,#REF!,#REF!,#REF!,#REF!,#REF!,#REF!,#REF!,#REF!,#REF!,0,0,0,0,0,,0,0,0,0,0,,0,0,0,0,0,,0,5,,0,5,,0,0,0,,#REF!,#REF!,#REF!,#REF!,#REF!,#REF!,#REF!,#REF!,#REF!,#REF!,,,,,,,
,0,0,0,0,0,0,,0,0,0,0,0,0,,0,6,,0,6,,0,6,,0,0,0,,0,0,0,0,0,0,,0,0,6,,0,0,0,0,0,#REF!,#REF!,#REF!,#REF!,#REF!,#REF!,#REF!,#REF!,#REF!,#REF!,#REF!,#REF!,#REF!,#REF!,#REF!,#REF!,#REF!,,0,0,0,0,0,#REF!,#REF!,#REF!,#REF!,#REF!,#REF!,#REF!,#REF!,#REF!,#REF!,#REF!,#REF!,0,0,0,0,0,,0,0,0,0,0,,0,0,0,0,0,,0,5,,0,5,,0,0,0,,#REF!,#REF!,#REF!,#REF!,#REF!,#REF!,#REF!,#REF!,#REF!,#REF!,,,,,,,
,0,0,0,0,0,0,,0,0,0,0,0,0,,0,6,,0,6,,0,6,,0,0,0,,0,0,0,0,0,0,,0,0,6,,0,0,0,0,0,#REF!,#REF!,#REF!,#REF!,#REF!,#REF!,#REF!,#REF!,#REF!,#REF!,#REF!,#REF!,#REF!,#REF!,#REF!,#REF!,#REF!,,0,0,0,0,0,#REF!,#REF!,#REF!,#REF!,#REF!,#REF!,#REF!,#REF!,#REF!,#REF!,#REF!,#REF!,0,0,0,0,0,,0,0,0,0,0,,0,0,0,0,0,,0,5,,0,5,,0,0,0,,#REF!,#REF!,#REF!,#REF!,#REF!,#REF!,#REF!,#REF!,#REF!,#REF!,,,,,,,
,0,0,0,0,0,0,,0,0,0,0,0,0,,0,6,,0,6,,0,6,,0,0,0,,0,0,0,0,0,0,,0,0,6,,0,0,0,0,0,#REF!,#REF!,#REF!,#REF!,#REF!,#REF!,#REF!,#REF!,#REF!,#REF!,#REF!,#REF!,#REF!,#REF!,#REF!,#REF!,#REF!,,0,0,0,0,0,#REF!,#REF!,#REF!,#REF!,#REF!,#REF!,#REF!,#REF!,#REF!,#REF!,#REF!,#REF!,0,0,0,0,0,,0,0,0,0,0,,0,0,0,0,0,,0,5,,0,5,,0,0,0,,#REF!,#REF!,#REF!,#REF!,#REF!,#REF!,#REF!,#REF!,#REF!,#REF!,,,,,,,
,0,0,0,0,0,0,,0,0,0,0,0,0,,0,6,,0,6,,0,6,,0,0,0,,0,0,0,0,0,0,,0,0,6,,0,0,0,0,0,#REF!,#REF!,#REF!,#REF!,#REF!,#REF!,#REF!,#REF!,#REF!,#REF!,#REF!,#REF!,#REF!,#REF!,#REF!,#REF!,#REF!,,0,0,0,0,0,#REF!,#REF!,#REF!,#REF!,#REF!,#REF!,#REF!,#REF!,#REF!,#REF!,#REF!,#REF!,0,0,0,0,0,,0,0,0,0,0,,0,0,0,0,0,,0,5,,0,5,,0,0,0,,#REF!,#REF!,#REF!,#REF!,#REF!,#REF!,#REF!,#REF!,#REF!,#REF!,,,,,,,
,0,0,0,0,0,0,,0,0,0,0,0,0,,0,6,,0,6,,0,6,,0,0,0,,0,0,0,0,0,0,,0,0,6,,0,0,0,0,0,#REF!,#REF!,#REF!,#REF!,#REF!,#REF!,#REF!,#REF!,#REF!,#REF!,#REF!,#REF!,#REF!,#REF!,#REF!,#REF!,#REF!,,0,0,0,0,0,#REF!,#REF!,#REF!,#REF!,#REF!,#REF!,#REF!,#REF!,#REF!,#REF!,#REF!,#REF!,0,0,0,0,0,,0,0,0,0,0,,0,0,0,0,0,,0,5,,0,5,,0,0,0,,#REF!,#REF!,#REF!,#REF!,#REF!,#REF!,#REF!,#REF!,#REF!,#REF!,,,,,,,
,0,0,0,0,0,0,,0,0,0,0,0,0,,0,6,,0,6,,0,6,,0,0,0,,0,0,0,0,0,0,,0,0,6,,0,0,0,0,0,#REF!,#REF!,#REF!,#REF!,#REF!,#REF!,#REF!,#REF!,#REF!,#REF!,#REF!,#REF!,#REF!,#REF!,#REF!,#REF!,#REF!,,0,0,0,0,0,#REF!,#REF!,#REF!,#REF!,#REF!,#REF!,#REF!,#REF!,#REF!,#REF!,#REF!,#REF!,0,0,0,0,0,,0,0,0,0,0,,0,0,0,0,0,,0,5,,0,5,,0,0,0,,#REF!,#REF!,#REF!,#REF!,#REF!,#REF!,#REF!,#REF!,#REF!,#REF!,,,,,,,
,0,0,0,0,0,0,,0,0,0,0,0,0,,0,6,,0,6,,0,6,,0,0,0,,0,0,0,0,0,0,,0,0,6,,0,0,0,0,0,#REF!,#REF!,#REF!,#REF!,#REF!,#REF!,#REF!,#REF!,#REF!,#REF!,#REF!,#REF!,#REF!,#REF!,#REF!,#REF!,#REF!,,0,0,0,0,0,#REF!,#REF!,#REF!,#REF!,#REF!,#REF!,#REF!,#REF!,#REF!,#REF!,#REF!,#REF!,0,0,0,0,0,,0,0,0,0,0,,0,0,0,0,0,,0,5,,0,5,,0,0,0,,#REF!,#REF!,#REF!,#REF!,#REF!,#REF!,#REF!,#REF!,#REF!,#REF!,,,,,,,
,0,0,0,0,0,0,,0,0,0,0,0,0,,0,6,,0,6,,0,6,,0,0,0,,0,0,0,0,0,0,,0,0,6,,0,0,0,0,0,#REF!,#REF!,#REF!,#REF!,#REF!,#REF!,#REF!,#REF!,#REF!,#REF!,#REF!,#REF!,#REF!,#REF!,#REF!,#REF!,#REF!,,0,0,0,0,0,#REF!,#REF!,#REF!,#REF!,#REF!,#REF!,#REF!,#REF!,#REF!,#REF!,#REF!,#REF!,0,0,0,0,0,,0,0,0,0,0,,0,0,0,0,0,,0,5,,0,5,,0,0,0,,#REF!,#REF!,#REF!,#REF!,#REF!,#REF!,#REF!,#REF!,#REF!,#REF!,,,,,,,
,0,0,0,0,0,0,,0,0,0,0,0,0,,0,6,,0,6,,0,6,,0,0,0,,0,0,0,0,0,0,,0,0,6,,0,0,0,0,0,#REF!,#REF!,#REF!,#REF!,#REF!,#REF!,#REF!,#REF!,#REF!,#REF!,#REF!,#REF!,#REF!,#REF!,#REF!,#REF!,#REF!,,0,0,0,0,0,#REF!,#REF!,#REF!,#REF!,#REF!,#REF!,#REF!,#REF!,#REF!,#REF!,#REF!,#REF!,0,0,0,0,0,,0,0,0,0,0,,0,0,0,0,0,,0,5,,0,5,,0,0,0,,#REF!,#REF!,#REF!,#REF!,#REF!,#REF!,#REF!,#REF!,#REF!,#REF!,,,,,,,
,0,0,0,0,0,0,,0,0,0,0,0,0,,0,6,,0,6,,0,6,,0,0,0,,0,0,0,0,0,0,,0,0,6,,0,0,0,0,0,#REF!,#REF!,#REF!,#REF!,#REF!,#REF!,#REF!,#REF!,#REF!,#REF!,#REF!,#REF!,#REF!,#REF!,#REF!,#REF!,#REF!,,0,0,0,0,0,#REF!,#REF!,#REF!,#REF!,#REF!,#REF!,#REF!,#REF!,#REF!,#REF!,#REF!,#REF!,0,0,0,0,0,,0,0,0,0,0,,0,0,0,0,0,,0,5,,0,5,,0,0,0,,#REF!,#REF!,#REF!,#REF!,#REF!,#REF!,#REF!,#REF!,#REF!,#REF!,,,,,,,
,0,0,0,0,0,0,,0,0,0,0,0,0,,0,6,,0,6,,0,6,,0,0,0,,0,0,0,0,0,0,,0,0,6,,0,0,0,0,0,#REF!,#REF!,#REF!,#REF!,#REF!,#REF!,#REF!,#REF!,#REF!,#REF!,#REF!,#REF!,#REF!,#REF!,#REF!,#REF!,#REF!,,0,0,0,0,0,#REF!,#REF!,#REF!,#REF!,#REF!,#REF!,#REF!,#REF!,#REF!,#REF!,#REF!,#REF!,0,0,0,0,0,,0,0,0,0,0,,0,0,0,0,0,,0,5,,0,5,,0,0,0,,#REF!,#REF!,#REF!,#REF!,#REF!,#REF!,#REF!,#REF!,#REF!,#REF!,,,,,,,
,0,0,0,0,0,0,,0,0,0,0,0,0,,0,6,,0,6,,0,6,,0,0,0,,0,0,0,0,0,0,,0,0,6,,0,0,0,0,0,#REF!,#REF!,#REF!,#REF!,#REF!,#REF!,#REF!,#REF!,#REF!,#REF!,#REF!,#REF!,#REF!,#REF!,#REF!,#REF!,#REF!,,0,0,0,0,0,#REF!,#REF!,#REF!,#REF!,#REF!,#REF!,#REF!,#REF!,#REF!,#REF!,#REF!,#REF!,0,0,0,0,0,,0,0,0,0,0,,0,0,0,0,0,,0,5,,0,5,,0,0,0,,#REF!,#REF!,#REF!,#REF!,#REF!,#REF!,#REF!,#REF!,#REF!,#REF!,,,,,,,
,0,0,0,0,0,0,,0,0,0,0,0,0,,0,6,,0,6,,0,6,,0,0,0,,0,0,0,0,0,0,,0,0,6,,0,0,0,0,0,#REF!,#REF!,#REF!,#REF!,#REF!,#REF!,#REF!,#REF!,#REF!,#REF!,#REF!,#REF!,#REF!,#REF!,#REF!,#REF!,#REF!,,0,0,0,0,0,#REF!,#REF!,#REF!,#REF!,#REF!,#REF!,#REF!,#REF!,#REF!,#REF!,#REF!,#REF!,0,0,0,0,0,,0,0,0,0,0,,0,0,0,0,0,,0,5,,0,5,,0,0,0,,#REF!,#REF!,#REF!,#REF!,#REF!,#REF!,#REF!,#REF!,#REF!,#REF!,,,,,,,
,0,0,0,0,0,0,,0,0,0,0,0,0,,0,6,,0,6,,0,6,,0,0,0,,0,0,0,0,0,0,,0,0,6,,0,0,0,0,0,#REF!,#REF!,#REF!,#REF!,#REF!,#REF!,#REF!,#REF!,#REF!,#REF!,#REF!,#REF!,#REF!,#REF!,#REF!,#REF!,#REF!,,0,0,0,0,0,#REF!,#REF!,#REF!,#REF!,#REF!,#REF!,#REF!,#REF!,#REF!,#REF!,#REF!,#REF!,0,0,0,0,0,,0,0,0,0,0,,0,0,0,0,0,,0,5,,0,5,,0,0,0,,#REF!,#REF!,#REF!,#REF!,#REF!,#REF!,#REF!,#REF!,#REF!,#REF!,,,,,,,
,0,0,0,0,0,0,,0,0,0,0,0,0,,0,6,,0,6,,0,6,,0,0,0,,0,0,0,0,0,0,,0,0,6,,0,0,0,0,0,#REF!,#REF!,#REF!,#REF!,#REF!,#REF!,#REF!,#REF!,#REF!,#REF!,#REF!,#REF!,#REF!,#REF!,#REF!,#REF!,#REF!,,0,0,0,0,0,#REF!,#REF!,#REF!,#REF!,#REF!,#REF!,#REF!,#REF!,#REF!,#REF!,#REF!,#REF!,0,0,0,0,0,,0,0,0,0,0,,0,0,0,0,0,,0,5,,0,5,,0,0,0,,#REF!,#REF!,#REF!,#REF!,#REF!,#REF!,#REF!,#REF!,#REF!,#REF!,,,,,,,
,0,0,0,0,0,0,,0,0,0,0,0,0,,0,6,,0,6,,0,6,,0,0,0,,0,0,0,0,0,0,,0,0,6,,0,0,0,0,0,#REF!,#REF!,#REF!,#REF!,#REF!,#REF!,#REF!,#REF!,#REF!,#REF!,#REF!,#REF!,#REF!,#REF!,#REF!,#REF!,#REF!,,0,0,0,0,0,#REF!,#REF!,#REF!,#REF!,#REF!,#REF!,#REF!,#REF!,#REF!,#REF!,#REF!,#REF!,0,0,0,0,0,,0,0,0,0,0,,0,0,0,0,0,,0,5,,0,5,,0,0,0,,#REF!,#REF!,#REF!,#REF!,#REF!,#REF!,#REF!,#REF!,#REF!,#REF!,,,,,,,
,0,0,0,0,0,0,,0,0,0,0,0,0,,0,6,,0,6,,0,6,,0,0,0,,0,0,0,0,0,0,,0,0,6,,0,0,0,0,0,#REF!,#REF!,#REF!,#REF!,#REF!,#REF!,#REF!,#REF!,#REF!,#REF!,#REF!,#REF!,#REF!,#REF!,#REF!,#REF!,#REF!,,0,0,0,0,0,#REF!,#REF!,#REF!,#REF!,#REF!,#REF!,#REF!,#REF!,#REF!,#REF!,#REF!,#REF!,0,0,0,0,0,,0,0,0,0,0,,0,0,0,0,0,,0,5,,0,5,,0,0,0,,#REF!,#REF!,#REF!,#REF!,#REF!,#REF!,#REF!,#REF!,#REF!,#REF!,,,,,,,
,0,0,0,0,0,0,,0,0,0,0,0,0,,0,6,,0,6,,0,6,,0,0,0,,0,0,0,0,0,0,,0,0,6,,0,0,0,0,0,#REF!,#REF!,#REF!,#REF!,#REF!,#REF!,#REF!,#REF!,#REF!,#REF!,#REF!,#REF!,#REF!,#REF!,#REF!,#REF!,#REF!,,0,0,0,0,0,#REF!,#REF!,#REF!,#REF!,#REF!,#REF!,#REF!,#REF!,#REF!,#REF!,#REF!,#REF!,0,0,0,0,0,,0,0,0,0,0,,0,0,0,0,0,,0,5,,0,5,,0,0,0,,#REF!,#REF!,#REF!,#REF!,#REF!,#REF!,#REF!,#REF!,#REF!,#REF!,,,,,,,
,0,0,0,0,0,0,,0,0,0,0,0,0,,0,6,,0,6,,0,6,,0,0,0,,0,0,0,0,0,0,,0,0,6,,0,0,0,0,0,#REF!,#REF!,#REF!,#REF!,#REF!,#REF!,#REF!,#REF!,#REF!,#REF!,#REF!,#REF!,#REF!,#REF!,#REF!,#REF!,#REF!,,0,0,0,0,0,#REF!,#REF!,#REF!,#REF!,#REF!,#REF!,#REF!,#REF!,#REF!,#REF!,#REF!,#REF!,0,0,0,0,0,,0,0,0,0,0,,0,0,0,0,0,,0,5,,0,5,,0,0,0,,#REF!,#REF!,#REF!,#REF!,#REF!,#REF!,#REF!,#REF!,#REF!,#REF!,,,,,,,
,0,0,0,0,0,0,,0,0,0,0,0,0,,0,6,,0,6,,0,6,,0,0,0,,0,0,0,0,0,0,,0,0,6,,0,0,0,0,0,#REF!,#REF!,#REF!,#REF!,#REF!,#REF!,#REF!,#REF!,#REF!,#REF!,#REF!,#REF!,#REF!,#REF!,#REF!,#REF!,#REF!,,0,0,0,0,0,#REF!,#REF!,#REF!,#REF!,#REF!,#REF!,#REF!,#REF!,#REF!,#REF!,#REF!,#REF!,0,0,0,0,0,,0,0,0,0,0,,0,0,0,0,0,,0,5,,0,5,,0,0,0,,#REF!,#REF!,#REF!,#REF!,#REF!,#REF!,#REF!,#REF!,#REF!,#REF!,,,,,,,
,0,0,0,0,0,0,,0,0,0,0,0,0,,0,6,,0,6,,0,6,,0,0,0,,0,0,0,0,0,0,,0,0,6,,0,0,0,0,0,#REF!,#REF!,#REF!,#REF!,#REF!,#REF!,#REF!,#REF!,#REF!,#REF!,#REF!,#REF!,#REF!,#REF!,#REF!,#REF!,#REF!,,0,0,0,0,0,#REF!,#REF!,#REF!,#REF!,#REF!,#REF!,#REF!,#REF!,#REF!,#REF!,#REF!,#REF!,0,0,0,0,0,,0,0,0,0,0,,0,0,0,0,0,,0,5,,0,5,,0,0,0,,#REF!,#REF!,#REF!,#REF!,#REF!,#REF!,#REF!,#REF!,#REF!,#REF!,,,,,,,
,0,0,0,0,0,0,,0,0,0,0,0,0,,0,6,,0,6,,0,6,,0,0,0,,0,0,0,0,0,0,,0,0,6,,0,0,0,0,0,#REF!,#REF!,#REF!,#REF!,#REF!,#REF!,#REF!,#REF!,#REF!,#REF!,#REF!,#REF!,#REF!,#REF!,#REF!,#REF!,#REF!,,0,0,0,0,0,#REF!,#REF!,#REF!,#REF!,#REF!,#REF!,#REF!,#REF!,#REF!,#REF!,#REF!,#REF!,0,0,0,0,0,,0,0,0,0,0,,0,0,0,0,0,,0,5,,0,5,,0,0,0,,#REF!,#REF!,#REF!,#REF!,#REF!,#REF!,#REF!,#REF!,#REF!,#REF!,,,,,,,
,0,0,0,0,0,0,,0,0,0,0,0,0,,0,6,,0,6,,0,6,,0,0,0,,0,0,0,0,0,0,,0,0,6,,0,0,0,0,0,#REF!,#REF!,#REF!,#REF!,#REF!,#REF!,#REF!,#REF!,#REF!,#REF!,#REF!,#REF!,#REF!,#REF!,#REF!,#REF!,#REF!,,0,0,0,0,0,#REF!,#REF!,#REF!,#REF!,#REF!,#REF!,#REF!,#REF!,#REF!,#REF!,#REF!,#REF!,0,0,0,0,0,,0,0,0,0,0,,0,0,0,0,0,,0,5,,0,5,,0,0,0,,#REF!,#REF!,#REF!,#REF!,#REF!,#REF!,#REF!,#REF!,#REF!,#REF!,,,,,,,
,0,0,0,0,0,0,,0,0,0,0,0,0,,0,6,,0,6,,0,6,,0,0,0,,0,0,0,0,0,0,,0,0,6,,0,0,0,0,0,#REF!,#REF!,#REF!,#REF!,#REF!,#REF!,#REF!,#REF!,#REF!,#REF!,#REF!,#REF!,#REF!,#REF!,#REF!,#REF!,#REF!,,0,0,0,0,0,#REF!,#REF!,#REF!,#REF!,#REF!,#REF!,#REF!,#REF!,#REF!,#REF!,#REF!,#REF!,0,0,0,0,0,,0,0,0,0,0,,0,0,0,0,0,,0,5,,0,5,,0,0,0,,#REF!,#REF!,#REF!,#REF!,#REF!,#REF!,#REF!,#REF!,#REF!,#REF!,,,,,,,
,0,0,0,0,0,0,,0,0,0,0,0,0,,0,6,,0,6,,0,6,,0,0,0,,0,0,0,0,0,0,,0,0,6,,0,0,0,0,0,#REF!,#REF!,#REF!,#REF!,#REF!,#REF!,#REF!,#REF!,#REF!,#REF!,#REF!,#REF!,#REF!,#REF!,#REF!,#REF!,#REF!,,0,0,0,0,0,#REF!,#REF!,#REF!,#REF!,#REF!,#REF!,#REF!,#REF!,#REF!,#REF!,#REF!,#REF!,0,0,0,0,0,,0,0,0,0,0,,0,0,0,0,0,,0,5,,0,5,,0,0,0,,#REF!,#REF!,#REF!,#REF!,#REF!,#REF!,#REF!,#REF!,#REF!,#REF!,,,,,,,
,0,0,0,0,0,0,,0,0,0,0,0,0,,0,6,,0,6,,0,6,,0,0,0,,0,0,0,0,0,0,,0,0,6,,0,0,0,0,0,#REF!,#REF!,#REF!,#REF!,#REF!,#REF!,#REF!,#REF!,#REF!,#REF!,#REF!,#REF!,#REF!,#REF!,#REF!,#REF!,#REF!,,0,0,0,0,0,#REF!,#REF!,#REF!,#REF!,#REF!,#REF!,#REF!,#REF!,#REF!,#REF!,#REF!,#REF!,0,0,0,0,0,,0,0,0,0,0,,0,0,0,0,0,,0,5,,0,5,,0,0,0,,#REF!,#REF!,#REF!,#REF!,#REF!,#REF!,#REF!,#REF!,#REF!,#REF!,,,,,,,
,0,0,0,0,0,0,,0,0,0,0,0,0,,0,6,,0,6,,0,6,,0,0,0,,0,0,0,0,0,0,,0,0,6,,0,0,0,0,0,#REF!,#REF!,#REF!,#REF!,#REF!,#REF!,#REF!,#REF!,#REF!,#REF!,#REF!,#REF!,#REF!,#REF!,#REF!,#REF!,#REF!,,0,0,0,0,0,#REF!,#REF!,#REF!,#REF!,#REF!,#REF!,#REF!,#REF!,#REF!,#REF!,#REF!,#REF!,0,0,0,0,0,,0,0,0,0,0,,0,0,0,0,0,,0,5,,0,5,,0,0,0,,#REF!,#REF!,#REF!,#REF!,#REF!,#REF!,#REF!,#REF!,#REF!,#REF!,,,,,,,
,0,0,0,0,0,0,,0,0,0,0,0,0,,0,6,,0,6,,0,6,,0,0,0,,0,0,0,0,0,0,,0,0,6,,0,0,0,0,0,#REF!,#REF!,#REF!,#REF!,#REF!,#REF!,#REF!,#REF!,#REF!,#REF!,#REF!,#REF!,#REF!,#REF!,#REF!,#REF!,#REF!,,0,0,0,0,0,#REF!,#REF!,#REF!,#REF!,#REF!,#REF!,#REF!,#REF!,#REF!,#REF!,#REF!,#REF!,0,0,0,0,0,,0,0,0,0,0,,0,0,0,0,0,,0,5,,0,5,,0,0,0,,#REF!,#REF!,#REF!,#REF!,#REF!,#REF!,#REF!,#REF!,#REF!,#REF!,,,,,,,
,0,0,0,0,0,0,,0,0,0,0,0,0,,0,6,,0,6,,0,6,,0,0,0,,0,0,0,0,0,0,,0,0,6,,0,0,0,0,0,#REF!,#REF!,#REF!,#REF!,#REF!,#REF!,#REF!,#REF!,#REF!,#REF!,#REF!,#REF!,#REF!,#REF!,#REF!,#REF!,#REF!,,0,0,0,0,0,#REF!,#REF!,#REF!,#REF!,#REF!,#REF!,#REF!,#REF!,#REF!,#REF!,#REF!,#REF!,0,0,0,0,0,,0,0,0,0,0,,0,0,0,0,0,,0,5,,0,5,,0,0,0,,#REF!,#REF!,#REF!,#REF!,#REF!,#REF!,#REF!,#REF!,#REF!,#REF!,,,,,,,
,0,0,0,0,0,0,,0,0,0,0,0,0,,0,6,,0,6,,0,6,,0,0,0,,0,0,0,0,0,0,,0,0,6,,0,0,0,0,0,#REF!,#REF!,#REF!,#REF!,#REF!,#REF!,#REF!,#REF!,#REF!,#REF!,#REF!,#REF!,#REF!,#REF!,#REF!,#REF!,#REF!,,0,0,0,0,0,#REF!,#REF!,#REF!,#REF!,#REF!,#REF!,#REF!,#REF!,#REF!,#REF!,#REF!,#REF!,0,0,0,0,0,,0,0,0,0,0,,0,0,0,0,0,,0,5,,0,5,,0,0,0,,#REF!,#REF!,#REF!,#REF!,#REF!,#REF!,#REF!,#REF!,#REF!,#REF!,,,,,,,
,0,0,0,0,0,0,,0,0,0,0,0,0,,0,6,,0,6,,0,6,,0,0,0,,0,0,0,0,0,0,,0,0,6,,0,0,0,0,0,#REF!,#REF!,#REF!,#REF!,#REF!,#REF!,#REF!,#REF!,#REF!,#REF!,#REF!,#REF!,#REF!,#REF!,#REF!,#REF!,#REF!,,0,0,0,0,0,#REF!,#REF!,#REF!,#REF!,#REF!,#REF!,#REF!,#REF!,#REF!,#REF!,#REF!,#REF!,0,0,0,0,0,,0,0,0,0,0,,0,0,0,0,0,,0,5,,0,5,,0,0,0,,#REF!,#REF!,#REF!,#REF!,#REF!,#REF!,#REF!,#REF!,#REF!,#REF!,,,,,,,
,0,0,0,0,0,0,,0,0,0,0,0,0,,0,6,,0,6,,0,6,,0,0,0,,0,0,0,0,0,0,,0,0,6,,0,0,0,0,0,#REF!,#REF!,#REF!,#REF!,#REF!,#REF!,#REF!,#REF!,#REF!,#REF!,#REF!,#REF!,#REF!,#REF!,#REF!,#REF!,#REF!,,0,0,0,0,0,#REF!,#REF!,#REF!,#REF!,#REF!,#REF!,#REF!,#REF!,#REF!,#REF!,#REF!,#REF!,0,0,0,0,0,,0,0,0,0,0,,0,0,0,0,0,,0,5,,0,5,,0,0,0,,#REF!,#REF!,#REF!,#REF!,#REF!,#REF!,#REF!,#REF!,#REF!,#REF!,,,,,,,
,0,0,0,0,0,0,,0,0,0,0,0,0,,0,6,,0,6,,0,6,,0,0,0,,0,0,0,0,0,0,,0,0,6,,0,0,0,0,0,#REF!,#REF!,#REF!,#REF!,#REF!,#REF!,#REF!,#REF!,#REF!,#REF!,#REF!,#REF!,#REF!,#REF!,#REF!,#REF!,#REF!,,0,0,0,0,0,#REF!,#REF!,#REF!,#REF!,#REF!,#REF!,#REF!,#REF!,#REF!,#REF!,#REF!,#REF!,0,0,0,0,0,,0,0,0,0,0,,0,0,0,0,0,,0,5,,0,5,,0,0,0,,#REF!,#REF!,#REF!,#REF!,#REF!,#REF!,#REF!,#REF!,#REF!,#REF!,,,,,,,
,0,0,0,0,0,0,,0,0,0,0,0,0,,0,6,,0,6,,0,6,,0,0,0,,0,0,0,0,0,0,,0,0,6,,0,0,0,0,0,#REF!,#REF!,#REF!,#REF!,#REF!,#REF!,#REF!,#REF!,#REF!,#REF!,#REF!,#REF!,#REF!,#REF!,#REF!,#REF!,#REF!,,0,0,0,0,0,#REF!,#REF!,#REF!,#REF!,#REF!,#REF!,#REF!,#REF!,#REF!,#REF!,#REF!,#REF!,0,0,0,0,0,,0,0,0,0,0,,0,0,0,0,0,,0,5,,0,5,,0,0,0,,#REF!,#REF!,#REF!,#REF!,#REF!,#REF!,#REF!,#REF!,#REF!,#REF!,,,,,,,
,0,0,0,0,0,0,,0,0,0,0,0,0,,0,6,,0,6,,0,6,,0,0,0,,0,0,0,0,0,0,,0,0,6,,0,0,0,0,0,#REF!,#REF!,#REF!,#REF!,#REF!,#REF!,#REF!,#REF!,#REF!,#REF!,#REF!,#REF!,#REF!,#REF!,#REF!,#REF!,#REF!,,0,0,0,0,0,#REF!,#REF!,#REF!,#REF!,#REF!,#REF!,#REF!,#REF!,#REF!,#REF!,#REF!,#REF!,0,0,0,0,0,,0,0,0,0,0,,0,0,0,0,0,,0,5,,0,5,,0,0,0,,#REF!,#REF!,#REF!,#REF!,#REF!,#REF!,#REF!,#REF!,#REF!,#REF!,,,,,,,
,0,0,0,0,0,0,,0,0,0,0,0,0,,0,6,,0,6,,0,6,,0,0,0,,0,0,0,0,0,0,,0,0,6,,0,0,0,0,0,#REF!,#REF!,#REF!,#REF!,#REF!,#REF!,#REF!,#REF!,#REF!,#REF!,#REF!,#REF!,#REF!,#REF!,#REF!,#REF!,#REF!,,0,0,0,0,0,#REF!,#REF!,#REF!,#REF!,#REF!,#REF!,#REF!,#REF!,#REF!,#REF!,#REF!,#REF!,0,0,0,0,0,,0,0,0,0,0,,0,0,0,0,0,,0,5,,0,5,,0,0,0,,#REF!,#REF!,#REF!,#REF!,#REF!,#REF!,#REF!,#REF!,#REF!,#REF!,,,,,,,
,0,0,0,0,0,0,,0,0,0,0,0,0,,0,6,,0,6,,0,6,,0,0,0,,0,0,0,0,0,0,,0,0,6,,0,0,0,0,0,#REF!,#REF!,#REF!,#REF!,#REF!,#REF!,#REF!,#REF!,#REF!,#REF!,#REF!,#REF!,#REF!,#REF!,#REF!,#REF!,#REF!,,0,0,0,0,0,#REF!,#REF!,#REF!,#REF!,#REF!,#REF!,#REF!,#REF!,#REF!,#REF!,#REF!,#REF!,0,0,0,0,0,,0,0,0,0,0,,0,0,0,0,0,,0,5,,0,5,,0,0,0,,#REF!,#REF!,#REF!,#REF!,#REF!,#REF!,#REF!,#REF!,#REF!,#REF!,,,,,,,
,0,0,0,0,0,0,,0,0,0,0,0,0,,0,6,,0,6,,0,6,,0,0,0,,0,0,0,0,0,0,,0,0,6,,0,0,0,0,0,#REF!,#REF!,#REF!,#REF!,#REF!,#REF!,#REF!,#REF!,#REF!,#REF!,#REF!,#REF!,#REF!,#REF!,#REF!,#REF!,#REF!,,0,0,0,0,0,#REF!,#REF!,#REF!,#REF!,#REF!,#REF!,#REF!,#REF!,#REF!,#REF!,#REF!,#REF!,0,0,0,0,0,,0,0,0,0,0,,0,0,0,0,0,,0,5,,0,5,,0,0,0,,#REF!,#REF!,#REF!,#REF!,#REF!,#REF!,#REF!,#REF!,#REF!,#REF!,,,,,,,
,0,0,0,0,0,0,,0,0,0,0,0,0,,0,6,,0,6,,0,6,,0,0,0,,0,0,0,0,0,0,,0,0,6,,0,0,0,0,0,#REF!,#REF!,#REF!,#REF!,#REF!,#REF!,#REF!,#REF!,#REF!,#REF!,#REF!,#REF!,#REF!,#REF!,#REF!,#REF!,#REF!,,0,0,0,0,0,#REF!,#REF!,#REF!,#REF!,#REF!,#REF!,#REF!,#REF!,#REF!,#REF!,#REF!,#REF!,0,0,0,0,0,,0,0,0,0,0,,0,0,0,0,0,,0,5,,0,5,,0,0,0,,#REF!,#REF!,#REF!,#REF!,#REF!,#REF!,#REF!,#REF!,#REF!,#REF!,,,,,,,
,0,0,0,0,0,0,,0,0,0,0,0,0,,0,6,,0,6,,0,6,,0,0,0,,0,0,0,0,0,0,,0,0,6,,0,0,0,0,0,#REF!,#REF!,#REF!,#REF!,#REF!,#REF!,#REF!,#REF!,#REF!,#REF!,#REF!,#REF!,#REF!,#REF!,#REF!,#REF!,#REF!,,0,0,0,0,0,#REF!,#REF!,#REF!,#REF!,#REF!,#REF!,#REF!,#REF!,#REF!,#REF!,#REF!,#REF!,0,0,0,0,0,,0,0,0,0,0,,0,0,0,0,0,,0,5,,0,5,,0,0,0,,#REF!,#REF!,#REF!,#REF!,#REF!,#REF!,#REF!,#REF!,#REF!,#REF!,,,,,,,
,0,0,0,0,0,0,,0,0,0,0,0,0,,0,6,,0,6,,0,6,,0,0,0,,0,0,0,0,0,0,,0,0,6,,0,0,0,0,0,#REF!,#REF!,#REF!,#REF!,#REF!,#REF!,#REF!,#REF!,#REF!,#REF!,#REF!,#REF!,#REF!,#REF!,#REF!,#REF!,#REF!,,0,0,0,0,0,#REF!,#REF!,#REF!,#REF!,#REF!,#REF!,#REF!,#REF!,#REF!,#REF!,#REF!,#REF!,0,0,0,0,0,,0,0,0,0,0,,0,0,0,0,0,,0,5,,0,5,,0,0,0,,#REF!,#REF!,#REF!,#REF!,#REF!,#REF!,#REF!,#REF!,#REF!,#REF!,,,,,,,
,0,0,0,0,0,0,,0,0,0,0,0,0,,0,6,,0,6,,0,6,,0,0,0,,0,0,0,0,0,0,,0,0,6,,0,0,0,0,0,#REF!,#REF!,#REF!,#REF!,#REF!,#REF!,#REF!,#REF!,#REF!,#REF!,#REF!,#REF!,#REF!,#REF!,#REF!,#REF!,#REF!,,0,0,0,0,0,#REF!,#REF!,#REF!,#REF!,#REF!,#REF!,#REF!,#REF!,#REF!,#REF!,#REF!,#REF!,0,0,0,0,0,,0,0,0,0,0,,0,0,0,0,0,,0,5,,0,5,,0,0,0,,#REF!,#REF!,#REF!,#REF!,#REF!,#REF!,#REF!,#REF!,#REF!,#REF!,,,,,,,
,0,0,0,0,0,0,,0,0,0,0,0,0,,0,6,,0,6,,0,6,,0,0,0,,0,0,0,0,0,0,,0,0,6,,0,0,0,0,0,#REF!,#REF!,#REF!,#REF!,#REF!,#REF!,#REF!,#REF!,#REF!,#REF!,#REF!,#REF!,#REF!,#REF!,#REF!,#REF!,#REF!,,0,0,0,0,0,#REF!,#REF!,#REF!,#REF!,#REF!,#REF!,#REF!,#REF!,#REF!,#REF!,#REF!,#REF!,0,0,0,0,0,,0,0,0,0,0,,0,0,0,0,0,,0,5,,0,5,,0,0,0,,#REF!,#REF!,#REF!,#REF!,#REF!,#REF!,#REF!,#REF!,#REF!,#REF!,,,,,,,
,0,0,0,0,0,0,,0,0,0,0,0,0,,0,6,,0,6,,0,6,,0,0,0,,0,0,0,0,0,0,,0,0,6,,0,0,0,0,0,#REF!,#REF!,#REF!,#REF!,#REF!,#REF!,#REF!,#REF!,#REF!,#REF!,#REF!,#REF!,#REF!,#REF!,#REF!,#REF!,#REF!,,0,0,0,0,0,#REF!,#REF!,#REF!,#REF!,#REF!,#REF!,#REF!,#REF!,#REF!,#REF!,#REF!,#REF!,0,0,0,0,0,,0,0,0,0,0,,0,0,0,0,0,,0,5,,0,5,,0,0,0,,#REF!,#REF!,#REF!,#REF!,#REF!,#REF!,#REF!,#REF!,#REF!,#REF!,,,,,,,
,0,0,0,0,0,0,,0,0,0,0,0,0,,0,6,,0,6,,0,6,,0,0,0,,0,0,0,0,0,0,,0,0,6,,0,0,0,0,0,#REF!,#REF!,#REF!,#REF!,#REF!,#REF!,#REF!,#REF!,#REF!,#REF!,#REF!,#REF!,#REF!,#REF!,#REF!,#REF!,#REF!,,0,0,0,0,0,#REF!,#REF!,#REF!,#REF!,#REF!,#REF!,#REF!,#REF!,#REF!,#REF!,#REF!,#REF!,0,0,0,0,0,,0,0,0,0,0,,0,0,0,0,0,,0,5,,0,5,,0,0,0,,#REF!,#REF!,#REF!,#REF!,#REF!,#REF!,#REF!,#REF!,#REF!,#REF!,,,,,,,
,0,0,0,0,0,0,,0,0,0,0,0,0,,0,6,,0,6,,0,6,,0,0,0,,0,0,0,0,0,0,,0,0,6,,0,0,0,0,0,#REF!,#REF!,#REF!,#REF!,#REF!,#REF!,#REF!,#REF!,#REF!,#REF!,#REF!,#REF!,#REF!,#REF!,#REF!,#REF!,#REF!,,0,0,0,0,0,#REF!,#REF!,#REF!,#REF!,#REF!,#REF!,#REF!,#REF!,#REF!,#REF!,#REF!,#REF!,0,0,0,0,0,,0,0,0,0,0,,0,0,0,0,0,,0,5,,0,5,,0,0,0,,#REF!,#REF!,#REF!,#REF!,#REF!,#REF!,#REF!,#REF!,#REF!,#REF!,,,,,,,
,0,0,0,0,0,0,,0,0,0,0,0,0,,0,6,,0,6,,0,6,,0,0,0,,0,0,0,0,0,0,,0,0,6,,0,0,0,0,0,#REF!,#REF!,#REF!,#REF!,#REF!,#REF!,#REF!,#REF!,#REF!,#REF!,#REF!,#REF!,#REF!,#REF!,#REF!,#REF!,#REF!,,0,0,0,0,0,#REF!,#REF!,#REF!,#REF!,#REF!,#REF!,#REF!,#REF!,#REF!,#REF!,#REF!,#REF!,0,0,0,0,0,,0,0,0,0,0,,0,0,0,0,0,,0,5,,0,5,,0,0,0,,#REF!,#REF!,#REF!,#REF!,#REF!,#REF!,#REF!,#REF!,#REF!,#REF!,,,,,,,
,0,0,0,0,0,0,,0,0,0,0,0,0,,0,6,,0,6,,0,6,,0,0,0,,0,0,0,0,0,0,,0,0,6,,0,0,0,0,0,#REF!,#REF!,#REF!,#REF!,#REF!,#REF!,#REF!,#REF!,#REF!,#REF!,#REF!,#REF!,#REF!,#REF!,#REF!,#REF!,#REF!,,0,0,0,0,0,#REF!,#REF!,#REF!,#REF!,#REF!,#REF!,#REF!,#REF!,#REF!,#REF!,#REF!,#REF!,0,0,0,0,0,,0,0,0,0,0,,0,0,0,0,0,,0,5,,0,5,,0,0,0,,#REF!,#REF!,#REF!,#REF!,#REF!,#REF!,#REF!,#REF!,#REF!,#REF!,,,,,,,
,0,0,0,0,0,0,,0,0,0,0,0,0,,0,6,,0,6,,0,6,,0,0,0,,0,0,0,0,0,0,,0,0,6,,0,0,0,0,0,#REF!,#REF!,#REF!,#REF!,#REF!,#REF!,#REF!,#REF!,#REF!,#REF!,#REF!,#REF!,#REF!,#REF!,#REF!,#REF!,#REF!,,0,0,0,0,0,#REF!,#REF!,#REF!,#REF!,#REF!,#REF!,#REF!,#REF!,#REF!,#REF!,#REF!,#REF!,0,0,0,0,0,,0,0,0,0,0,,0,0,0,0,0,,0,5,,0,5,,0,0,0,,#REF!,#REF!,#REF!,#REF!,#REF!,#REF!,#REF!,#REF!,#REF!,#REF!,,,,,,,
,0,0,0,0,0,0,,0,0,0,0,0,0,,0,6,,0,6,,0,6,,0,0,0,,0,0,0,0,0,0,,0,0,6,,0,0,0,0,0,#REF!,#REF!,#REF!,#REF!,#REF!,#REF!,#REF!,#REF!,#REF!,#REF!,#REF!,#REF!,#REF!,#REF!,#REF!,#REF!,#REF!,,0,0,0,0,0,#REF!,#REF!,#REF!,#REF!,#REF!,#REF!,#REF!,#REF!,#REF!,#REF!,#REF!,#REF!,0,0,0,0,0,,0,0,0,0,0,,0,0,0,0,0,,0,5,,0,5,,0,0,0,,#REF!,#REF!,#REF!,#REF!,#REF!,#REF!,#REF!,#REF!,#REF!,#REF!,,,,,,,
,0,0,0,0,0,0,,0,0,0,0,0,0,,0,6,,0,6,,0,6,,0,0,0,,0,0,0,0,0,0,,0,0,6,,0,0,0,0,0,#REF!,#REF!,#REF!,#REF!,#REF!,#REF!,#REF!,#REF!,#REF!,#REF!,#REF!,#REF!,#REF!,#REF!,#REF!,#REF!,#REF!,,0,0,0,0,0,#REF!,#REF!,#REF!,#REF!,#REF!,#REF!,#REF!,#REF!,#REF!,#REF!,#REF!,#REF!,0,0,0,0,0,,0,0,0,0,0,,0,0,0,0,0,,0,5,,0,5,,0,0,0,,#REF!,#REF!,#REF!,#REF!,#REF!,#REF!,#REF!,#REF!,#REF!,#REF!,,,,,,,
,0,0,0,0,0,0,,0,0,0,0,0,0,,0,6,,0,6,,0,6,,0,0,0,,0,0,0,0,0,0,,0,0,6,,0,0,0,0,0,#REF!,#REF!,#REF!,#REF!,#REF!,#REF!,#REF!,#REF!,#REF!,#REF!,#REF!,#REF!,#REF!,#REF!,#REF!,#REF!,#REF!,,0,0,0,0,0,#REF!,#REF!,#REF!,#REF!,#REF!,#REF!,#REF!,#REF!,#REF!,#REF!,#REF!,#REF!,0,0,0,0,0,,0,0,0,0,0,,0,0,0,0,0,,0,5,,0,5,,0,0,0,,#REF!,#REF!,#REF!,#REF!,#REF!,#REF!,#REF!,#REF!,#REF!,#REF!,,,,,,,
,0,0,0,0,0,0,,0,0,0,0,0,0,,0,6,,0,6,,0,6,,0,0,0,,0,0,0,0,0,0,,0,0,6,,0,0,0,0,0,#REF!,#REF!,#REF!,#REF!,#REF!,#REF!,#REF!,#REF!,#REF!,#REF!,#REF!,#REF!,#REF!,#REF!,#REF!,#REF!,#REF!,,0,0,0,0,0,#REF!,#REF!,#REF!,#REF!,#REF!,#REF!,#REF!,#REF!,#REF!,#REF!,#REF!,#REF!,0,0,0,0,0,,0,0,0,0,0,,0,0,0,0,0,,0,5,,0,5,,0,0,0,,#REF!,#REF!,#REF!,#REF!,#REF!,#REF!,#REF!,#REF!,#REF!,#REF!,,,,,,,
,0,0,0,0,0,0,,0,0,0,0,0,0,,0,6,,0,6,,0,6,,0,0,0,,0,0,0,0,0,0,,0,0,6,,0,0,0,0,0,#REF!,#REF!,#REF!,#REF!,#REF!,#REF!,#REF!,#REF!,#REF!,#REF!,#REF!,#REF!,#REF!,#REF!,#REF!,#REF!,#REF!,,0,0,0,0,0,#REF!,#REF!,#REF!,#REF!,#REF!,#REF!,#REF!,#REF!,#REF!,#REF!,#REF!,#REF!,0,0,0,0,0,,0,0,0,0,0,,0,0,0,0,0,,0,5,,0,5,,0,0,0,,#REF!,#REF!,#REF!,#REF!,#REF!,#REF!,#REF!,#REF!,#REF!,#REF!,,,,,,,
,0,0,0,0,0,0,,0,0,0,0,0,0,,0,6,,0,6,,0,6,,0,0,0,,0,0,0,0,0,0,,0,0,6,,0,0,0,0,0,#REF!,#REF!,#REF!,#REF!,#REF!,#REF!,#REF!,#REF!,#REF!,#REF!,#REF!,#REF!,#REF!,#REF!,#REF!,#REF!,#REF!,,0,0,0,0,0,#REF!,#REF!,#REF!,#REF!,#REF!,#REF!,#REF!,#REF!,#REF!,#REF!,#REF!,#REF!,0,0,0,0,0,,0,0,0,0,0,,0,0,0,0,0,,0,5,,0,5,,0,0,0,,#REF!,#REF!,#REF!,#REF!,#REF!,#REF!,#REF!,#REF!,#REF!,#REF!,,,,,,,
,0,0,0,0,0,0,,0,0,0,0,0,0,,0,6,,0,6,,0,6,,0,0,0,,0,0,0,0,0,0,,0,0,6,,0,0,0,0,0,#REF!,#REF!,#REF!,#REF!,#REF!,#REF!,#REF!,#REF!,#REF!,#REF!,#REF!,#REF!,#REF!,#REF!,#REF!,#REF!,#REF!,,0,0,0,0,0,#REF!,#REF!,#REF!,#REF!,#REF!,#REF!,#REF!,#REF!,#REF!,#REF!,#REF!,#REF!,0,0,0,0,0,,0,0,0,0,0,,0,0,0,0,0,,0,5,,0,5,,0,0,0,,#REF!,#REF!,#REF!,#REF!,#REF!,#REF!,#REF!,#REF!,#REF!,#REF!,,,,,,,
,0,0,0,0,0,0,,0,0,0,0,0,0,,0,6,,0,6,,0,6,,0,0,0,,0,0,0,0,0,0,,0,0,6,,0,0,0,0,0,#REF!,#REF!,#REF!,#REF!,#REF!,#REF!,#REF!,#REF!,#REF!,#REF!,#REF!,#REF!,#REF!,#REF!,#REF!,#REF!,#REF!,,0,0,0,0,0,#REF!,#REF!,#REF!,#REF!,#REF!,#REF!,#REF!,#REF!,#REF!,#REF!,#REF!,#REF!,0,0,0,0,0,,0,0,0,0,0,,0,0,0,0,0,,0,5,,0,5,,0,0,0,,#REF!,#REF!,#REF!,#REF!,#REF!,#REF!,#REF!,#REF!,#REF!,#REF!,,,,,,,
,0,0,0,0,0,0,,0,0,0,0,0,0,,0,6,,0,6,,0,6,,0,0,0,,0,0,0,0,0,0,,0,0,6,,0,0,0,0,0,#REF!,#REF!,#REF!,#REF!,#REF!,#REF!,#REF!,#REF!,#REF!,#REF!,#REF!,#REF!,#REF!,#REF!,#REF!,#REF!,#REF!,,0,0,0,0,0,#REF!,#REF!,#REF!,#REF!,#REF!,#REF!,#REF!,#REF!,#REF!,#REF!,#REF!,#REF!,0,0,0,0,0,,0,0,0,0,0,,0,0,0,0,0,,0,5,,0,5,,0,0,0,,#REF!,#REF!,#REF!,#REF!,#REF!,#REF!,#REF!,#REF!,#REF!,#REF!,,,,,,,
,0,0,0,0,0,0,,0,0,0,0,0,0,,0,6,,0,6,,0,6,,0,0,0,,0,0,0,0,0,0,,0,0,6,,0,0,0,0,0,#REF!,#REF!,#REF!,#REF!,#REF!,#REF!,#REF!,#REF!,#REF!,#REF!,#REF!,#REF!,#REF!,#REF!,#REF!,#REF!,#REF!,,0,0,0,0,0,#REF!,#REF!,#REF!,#REF!,#REF!,#REF!,#REF!,#REF!,#REF!,#REF!,#REF!,#REF!,0,0,0,0,0,,0,0,0,0,0,,0,0,0,0,0,,0,5,,0,5,,0,0,0,,#REF!,#REF!,#REF!,#REF!,#REF!,#REF!,#REF!,#REF!,#REF!,#REF!,,,,,,,
,0,0,0,0,0,0,,0,0,0,0,0,0,,0,6,,0,6,,0,6,,0,0,0,,0,0,0,0,0,0,,0,0,6,,0,0,0,0,0,#REF!,#REF!,#REF!,#REF!,#REF!,#REF!,#REF!,#REF!,#REF!,#REF!,#REF!,#REF!,#REF!,#REF!,#REF!,#REF!,#REF!,,0,0,0,0,0,#REF!,#REF!,#REF!,#REF!,#REF!,#REF!,#REF!,#REF!,#REF!,#REF!,#REF!,#REF!,0,0,0,0,0,,0,0,0,0,0,,0,0,0,0,0,,0,5,,0,5,,0,0,0,,#REF!,#REF!,#REF!,#REF!,#REF!,#REF!,#REF!,#REF!,#REF!,#REF!,,,,,,,
,0,0,0,0,0,0,,0,0,0,0,0,0,,0,6,,0,6,,0,6,,0,0,0,,0,0,0,0,0,0,,0,0,6,,0,0,0,0,0,#REF!,#REF!,#REF!,#REF!,#REF!,#REF!,#REF!,#REF!,#REF!,#REF!,#REF!,#REF!,#REF!,#REF!,#REF!,#REF!,#REF!,,0,0,0,0,0,#REF!,#REF!,#REF!,#REF!,#REF!,#REF!,#REF!,#REF!,#REF!,#REF!,#REF!,#REF!,0,0,0,0,0,,0,0,0,0,0,,0,0,0,0,0,,0,5,,0,5,,0,0,0,,#REF!,#REF!,#REF!,#REF!,#REF!,#REF!,#REF!,#REF!,#REF!,#REF!,,,,,,,
,0,0,0,0,0,0,,0,0,0,0,0,0,,0,6,,0,6,,0,6,,0,0,0,,0,0,0,0,0,0,,0,0,6,,0,0,0,0,0,#REF!,#REF!,#REF!,#REF!,#REF!,#REF!,#REF!,#REF!,#REF!,#REF!,#REF!,#REF!,#REF!,#REF!,#REF!,#REF!,#REF!,,0,0,0,0,0,#REF!,#REF!,#REF!,#REF!,#REF!,#REF!,#REF!,#REF!,#REF!,#REF!,#REF!,#REF!,0,0,0,0,0,,0,0,0,0,0,,0,0,0,0,0,,0,5,,0,5,,0,0,0,,#REF!,#REF!,#REF!,#REF!,#REF!,#REF!,#REF!,#REF!,#REF!,#REF!,,,,,,,
,0,0,0,0,0,0,,0,0,0,0,0,0,,0,6,,0,6,,0,6,,0,0,0,,0,0,0,0,0,0,,0,0,6,,0,0,0,0,0,#REF!,#REF!,#REF!,#REF!,#REF!,#REF!,#REF!,#REF!,#REF!,#REF!,#REF!,#REF!,#REF!,#REF!,#REF!,#REF!,#REF!,,0,0,0,0,0,#REF!,#REF!,#REF!,#REF!,#REF!,#REF!,#REF!,#REF!,#REF!,#REF!,#REF!,#REF!,0,0,0,0,0,,0,0,0,0,0,,0,0,0,0,0,,0,5,,0,5,,0,0,0,,#REF!,#REF!,#REF!,#REF!,#REF!,#REF!,#REF!,#REF!,#REF!,#REF!,,,,,,,
,0,0,0,0,0,0,,0,0,0,0,0,0,,0,6,,0,6,,0,6,,0,0,0,,0,0,0,0,0,0,,0,0,6,,0,0,0,0,0,#REF!,#REF!,#REF!,#REF!,#REF!,#REF!,#REF!,#REF!,#REF!,#REF!,#REF!,#REF!,#REF!,#REF!,#REF!,#REF!,#REF!,,0,0,0,0,0,#REF!,#REF!,#REF!,#REF!,#REF!,#REF!,#REF!,#REF!,#REF!,#REF!,#REF!,#REF!,0,0,0,0,0,,0,0,0,0,0,,0,0,0,0,0,,0,5,,0,5,,0,0,0,,#REF!,#REF!,#REF!,#REF!,#REF!,#REF!,#REF!,#REF!,#REF!,#REF!,,,,,,,
,0,0,0,0,0,0,,0,0,0,0,0,0,,0,6,,0,6,,0,6,,0,0,0,,0,0,0,0,0,0,,0,0,6,,0,0,0,0,0,#REF!,#REF!,#REF!,#REF!,#REF!,#REF!,#REF!,#REF!,#REF!,#REF!,#REF!,#REF!,#REF!,#REF!,#REF!,#REF!,#REF!,,0,0,0,0,0,#REF!,#REF!,#REF!,#REF!,#REF!,#REF!,#REF!,#REF!,#REF!,#REF!,#REF!,#REF!,0,0,0,0,0,,0,0,0,0,0,,0,0,0,0,0,,0,5,,0,5,,0,0,0,,#REF!,#REF!,#REF!,#REF!,#REF!,#REF!,#REF!,#REF!,#REF!,#REF!,,,,,,,
,0,0,0,0,0,0,,0,0,0,0,0,0,,0,6,,0,6,,0,6,,0,0,0,,0,0,0,0,0,0,,0,0,6,,0,0,0,0,0,#REF!,#REF!,#REF!,#REF!,#REF!,#REF!,#REF!,#REF!,#REF!,#REF!,#REF!,#REF!,#REF!,#REF!,#REF!,#REF!,#REF!,,0,0,0,0,0,#REF!,#REF!,#REF!,#REF!,#REF!,#REF!,#REF!,#REF!,#REF!,#REF!,#REF!,#REF!,0,0,0,0,0,,0,0,0,0,0,,0,0,0,0,0,,0,5,,0,5,,0,0,0,,#REF!,#REF!,#REF!,#REF!,#REF!,#REF!,#REF!,#REF!,#REF!,#REF!,,,,,,,
,0,0,0,0,0,0,,0,0,0,0,0,0,,0,6,,0,6,,0,6,,0,0,0,,0,0,0,0,0,0,,0,0,6,,0,0,0,0,0,#REF!,#REF!,#REF!,#REF!,#REF!,#REF!,#REF!,#REF!,#REF!,#REF!,#REF!,#REF!,#REF!,#REF!,#REF!,#REF!,#REF!,,0,0,0,0,0,#REF!,#REF!,#REF!,#REF!,#REF!,#REF!,#REF!,#REF!,#REF!,#REF!,#REF!,#REF!,0,0,0,0,0,,0,0,0,0,0,,0,0,0,0,0,,0,5,,0,5,,0,0,0,,#REF!,#REF!,#REF!,#REF!,#REF!,#REF!,#REF!,#REF!,#REF!,#REF!,,,,,,,
,0,0,0,0,0,0,,0,0,0,0,0,0,,0,6,,0,6,,0,6,,0,0,0,,0,0,0,0,0,0,,0,0,6,,0,0,0,0,0,#REF!,#REF!,#REF!,#REF!,#REF!,#REF!,#REF!,#REF!,#REF!,#REF!,#REF!,#REF!,#REF!,#REF!,#REF!,#REF!,#REF!,,0,0,0,0,0,#REF!,#REF!,#REF!,#REF!,#REF!,#REF!,#REF!,#REF!,#REF!,#REF!,#REF!,#REF!,0,0,0,0,0,,0,0,0,0,0,,0,0,0,0,0,,0,5,,0,5,,0,0,0,,#REF!,#REF!,#REF!,#REF!,#REF!,#REF!,#REF!,#REF!,#REF!,#REF!,,,,,,,
,0,0,0,0,0,0,,0,0,0,0,0,0,,0,6,,0,6,,0,6,,0,0,0,,0,0,0,0,0,0,,0,0,6,,0,0,0,0,0,#REF!,#REF!,#REF!,#REF!,#REF!,#REF!,#REF!,#REF!,#REF!,#REF!,#REF!,#REF!,#REF!,#REF!,#REF!,#REF!,#REF!,,0,0,0,0,0,#REF!,#REF!,#REF!,#REF!,#REF!,#REF!,#REF!,#REF!,#REF!,#REF!,#REF!,#REF!,0,0,0,0,0,,0,0,0,0,0,,0,0,0,0,0,,0,5,,0,5,,0,0,0,,#REF!,#REF!,#REF!,#REF!,#REF!,#REF!,#REF!,#REF!,#REF!,#REF!,,,,,,,
,0,0,0,0,0,0,,0,0,0,0,0,0,,0,6,,0,6,,0,6,,0,0,0,,0,0,0,0,0,0,,0,0,6,,0,0,0,0,0,#REF!,#REF!,#REF!,#REF!,#REF!,#REF!,#REF!,#REF!,#REF!,#REF!,#REF!,#REF!,#REF!,#REF!,#REF!,#REF!,#REF!,,0,0,0,0,0,#REF!,#REF!,#REF!,#REF!,#REF!,#REF!,#REF!,#REF!,#REF!,#REF!,#REF!,#REF!,0,0,0,0,0,,0,0,0,0,0,,0,0,0,0,0,,0,5,,0,5,,0,0,0,,#REF!,#REF!,#REF!,#REF!,#REF!,#REF!,#REF!,#REF!,#REF!,#REF!,,,,,,,
,0,0,0,0,0,0,,0,0,0,0,0,0,,0,6,,0,6,,0,6,,0,0,0,,0,0,0,0,0,0,,0,0,6,,0,0,0,0,0,#REF!,#REF!,#REF!,#REF!,#REF!,#REF!,#REF!,#REF!,#REF!,#REF!,#REF!,#REF!,#REF!,#REF!,#REF!,#REF!,#REF!,,0,0,0,0,0,#REF!,#REF!,#REF!,#REF!,#REF!,#REF!,#REF!,#REF!,#REF!,#REF!,#REF!,#REF!,0,0,0,0,0,,0,0,0,0,0,,0,0,0,0,0,,0,5,,0,5,,0,0,0,,#REF!,#REF!,#REF!,#REF!,#REF!,#REF!,#REF!,#REF!,#REF!,#REF!,,,,,,,
,0,0,0,0,0,0,,0,0,0,0,0,0,,0,6,,0,6,,0,6,,0,0,0,,0,0,0,0,0,0,,0,0,6,,0,0,0,0,0,#REF!,#REF!,#REF!,#REF!,#REF!,#REF!,#REF!,#REF!,#REF!,#REF!,#REF!,#REF!,#REF!,#REF!,#REF!,#REF!,#REF!,,0,0,0,0,0,#REF!,#REF!,#REF!,#REF!,#REF!,#REF!,#REF!,#REF!,#REF!,#REF!,#REF!,#REF!,0,0,0,0,0,,0,0,0,0,0,,0,0,0,0,0,,0,5,,0,5,,0,0,0,,#REF!,#REF!,#REF!,#REF!,#REF!,#REF!,#REF!,#REF!,#REF!,#REF!,,,,,,,
,0,0,0,0,0,0,,0,0,0,0,0,0,,0,6,,0,6,,0,6,,0,0,0,,0,0,0,0,0,0,,0,0,6,,0,0,0,0,0,#REF!,#REF!,#REF!,#REF!,#REF!,#REF!,#REF!,#REF!,#REF!,#REF!,#REF!,#REF!,#REF!,#REF!,#REF!,#REF!,#REF!,,0,0,0,0,0,#REF!,#REF!,#REF!,#REF!,#REF!,#REF!,#REF!,#REF!,#REF!,#REF!,#REF!,#REF!,0,0,0,0,0,,0,0,0,0,0,,0,0,0,0,0,,0,5,,0,5,,0,0,0,,#REF!,#REF!,#REF!,#REF!,#REF!,#REF!,#REF!,#REF!,#REF!,#REF!,,,,,,,
,0,0,0,0,0,0,,0,0,0,0,0,0,,0,6,,0,6,,0,6,,0,0,0,,0,0,0,0,0,0,,0,0,6,,0,0,0,0,0,#REF!,#REF!,#REF!,#REF!,#REF!,#REF!,#REF!,#REF!,#REF!,#REF!,#REF!,#REF!,#REF!,#REF!,#REF!,#REF!,#REF!,,0,0,0,0,0,#REF!,#REF!,#REF!,#REF!,#REF!,#REF!,#REF!,#REF!,#REF!,#REF!,#REF!,#REF!,0,0,0,0,0,,0,0,0,0,0,,0,0,0,0,0,,0,5,,0,5,,0,0,0,,#REF!,#REF!,#REF!,#REF!,#REF!,#REF!,#REF!,#REF!,#REF!,#REF!,,,,,,,
,0,0,0,0,0,0,,0,0,0,0,0,0,,0,6,,0,6,,0,6,,0,0,0,,0,0,0,0,0,0,,0,0,6,,0,0,0,0,0,#REF!,#REF!,#REF!,#REF!,#REF!,#REF!,#REF!,#REF!,#REF!,#REF!,#REF!,#REF!,#REF!,#REF!,#REF!,#REF!,#REF!,,0,0,0,0,0,#REF!,#REF!,#REF!,#REF!,#REF!,#REF!,#REF!,#REF!,#REF!,#REF!,#REF!,#REF!,0,0,0,0,0,,0,0,0,0,0,,0,0,0,0,0,,0,5,,0,5,,0,0,0,,#REF!,#REF!,#REF!,#REF!,#REF!,#REF!,#REF!,#REF!,#REF!,#REF!,,,,,,,
,0,0,0,0,0,0,,0,0,0,0,0,0,,0,6,,0,6,,0,6,,0,0,0,,0,0,0,0,0,0,,0,0,6,,0,0,0,0,0,#REF!,#REF!,#REF!,#REF!,#REF!,#REF!,#REF!,#REF!,#REF!,#REF!,#REF!,#REF!,#REF!,#REF!,#REF!,#REF!,#REF!,,0,0,0,0,0,#REF!,#REF!,#REF!,#REF!,#REF!,#REF!,#REF!,#REF!,#REF!,#REF!,#REF!,#REF!,0,0,0,0,0,,0,0,0,0,0,,0,0,0,0,0,,0,5,,0,5,,0,0,0,,#REF!,#REF!,#REF!,#REF!,#REF!,#REF!,#REF!,#REF!,#REF!,#REF!,,,,,,,
,0,0,0,0,0,0,,0,0,0,0,0,0,,0,6,,0,6,,0,6,,0,0,0,,0,0,0,0,0,0,,0,0,6,,0,0,0,0,0,#REF!,#REF!,#REF!,#REF!,#REF!,#REF!,#REF!,#REF!,#REF!,#REF!,#REF!,#REF!,#REF!,#REF!,#REF!,#REF!,#REF!,,0,0,0,0,0,#REF!,#REF!,#REF!,#REF!,#REF!,#REF!,#REF!,#REF!,#REF!,#REF!,#REF!,#REF!,0,0,0,0,0,,0,0,0,0,0,,0,0,0,0,0,,0,5,,0,5,,0,0,0,,#REF!,#REF!,#REF!,#REF!,#REF!,#REF!,#REF!,#REF!,#REF!,#REF!,,,,,,,
,0,0,0,0,0,0,,0,0,0,0,0,0,,0,6,,0,6,,0,6,,0,0,0,,0,0,0,0,0,0,,0,0,6,,0,0,0,0,0,#REF!,#REF!,#REF!,#REF!,#REF!,#REF!,#REF!,#REF!,#REF!,#REF!,#REF!,#REF!,#REF!,#REF!,#REF!,#REF!,#REF!,,0,0,0,0,0,#REF!,#REF!,#REF!,#REF!,#REF!,#REF!,#REF!,#REF!,#REF!,#REF!,#REF!,#REF!,0,0,0,0,0,,0,0,0,0,0,,0,0,0,0,0,,0,5,,0,5,,0,0,0,,#REF!,#REF!,#REF!,#REF!,#REF!,#REF!,#REF!,#REF!,#REF!,#REF!,,,,,,,
,0,0,0,0,0,0,,0,0,0,0,0,0,,0,6,,0,6,,0,6,,0,0,0,,0,0,0,0,0,0,,0,0,6,,0,0,0,0,0,#REF!,#REF!,#REF!,#REF!,#REF!,#REF!,#REF!,#REF!,#REF!,#REF!,#REF!,#REF!,#REF!,#REF!,#REF!,#REF!,#REF!,,0,0,0,0,0,#REF!,#REF!,#REF!,#REF!,#REF!,#REF!,#REF!,#REF!,#REF!,#REF!,#REF!,#REF!,0,0,0,0,0,,0,0,0,0,0,,0,0,0,0,0,,0,5,,0,5,,0,0,0,,#REF!,#REF!,#REF!,#REF!,#REF!,#REF!,#REF!,#REF!,#REF!,#REF!,,,,,,,
,,,,,,,,,,,,,,,,,,,,,,,,,,,,,,,,,,,,,,,,,,,,,,,,,,,,,,,,,,,,,,,,,,,,,,,,,,,,,,,,,,,,,,,,,,,,,,,,,,,,,,,,,,,,,,,,,,,,,,,,,,,
,,,,,,,,,,,,,,,,,,,,,,,,,,,,,,,,,,,,,,,,,,,,,,,,,,,,,,,,,,,,,,,,,,,,,,,,,,,,,,,,,,,,,,,,,,,,,,,,,,,,,,,,,,,,,,,,,,,,,,,,,,,
,,,,,,,,,,,,,,,,,,,,,,,,,,,,,,,,,,,,,,,,,,,,,,,,,,,,,,,,,,,,,,,,,,,,,,,,,,,,,,,,,,,,,,,,,,,,,,,,,,,,,,,,,,,,,,,,,,,,,,,,,,,
,,,,,,,,,,,,,,,,,,,,,,,,,,,,,,,,,,,,,,,,,,,,,,,,,,,,,,,,,,,,,,,,,,,,,,,,,,,,,,,,,,,,,,,,,,,,,,,,,,,,,,,,,,,,,,,,,,,,,,,,,,,
,,,,,,,,,,,,,,,,,,,,,,,,,,,,,,,,,,,,,,,,,,,,,,,,,,,,,,,,,,,,,,,,,,,,,,,,,,,,,,,,,,,,,,,,,,,,,,,,,,,,,,,,,,,,,,,,,,,,,,,,,,,
,,,,,,,,,,,,,,,,,,,,,,,,,,,,,,,,,,,,,,,,,,,,,,,,,,,,,,,,,,,,,,,,,,,,,,,,,,,,,,,,,,,,,,,,,,,,,,,,,,,,,,,,,,,,,,,,,,,,,,,,,,,
,,,,,,,,,,,,,,,,,,,,,,,,,,,,,,,,,,,,,,,,,,,,,,,,,,,,,,,,,,,,,,,,,,,,,,,,,,,,,,,,,,,,,,,,,,,,,,,,,,,,,,,,,,,,,,,,,,,,,,,,,,,
,,,,,,,,,,,,,,,,,,,,,,,,,,,,,,,,,,,,,,,,,,,,,,,,,,,,,,,,,,,,,,,,,,,,,,,,,,,,,,,,,,,,,,,,,,,,,,,,,,,,,,,,,,,,,,,,,,,,,,,,,,,
,,,,,,,,,,,,,,,,,,,,,,,,,,,,,,,,,,,,,,,,,,,,,,,,,,,,,,,,,,,,,,,,,,,,,,,,,,,,,,,,,,,,,,,,,,,,,,,,,,,,,,,,,,,,,,,,,,,,,,,,,,,
,,,,,,,,,,,,,,,,,,,,,,,,,,,,,,,,,,,,,,,,,,,,,,,,,,,,,,,,,,,,,,,,,,,,,,,,,,,,,,,,,,,,,,,,,,,,,,,,,,,,,,,,,,,,,,,,,,,,,,,,,,,
,,,,,,,,,,,,,,,,,,,,,,,,,,,,,,,,,,,,,,,,,,,,,,,,,,,,,,,,,,,,,,,,,,,,,,,,,,,,,,,,,,,,,,,,,,,,,,,,,,,,,,,,,,,,,,,,,,,,,,,,,,,
,,,,,,,,,,,,,,,,,,,,,,,,,,,,,,,,,,,,,,,,,,,,,,,,,,,,,,,,,,,,,,,,,,,,,,,,,,,,,,,,,,,,,,,,,,,,,,,,,,,,,,,,,,,,,,,,,,,,,,,,,,,
,,,,,,,,,,,,,,,,,,,,,,,,,,,,,,,,,,,,,,,,,,,,,,,,,,,,,,,,,,,,,,,,,,,,,,,,,,,,,,,,,,,,,,,,,,,,,,,,,,,,,,,,,,,,,,,,,,,,,,,,,,,
,,,,,,,,,,,,,,,,,,,,,,,,,,,,,,,,,,,,,,,,,,,,,,,,,,,,,,,,,,,,,,,,,,,,,,,,,,,,,,,,,,,,,,,,,,,,,,,,,,,,,,,,,,,,,,,,,,,,,,,,,,,
,,,,,,,,,,,,,,,,,,,,,,,,,,,,,,,,,,,,,,,,,,,,,,,,,,,,,,,,,,,,,,,,,,,,,,,,,,,,,,,,,,,,,,,,,,,,,,,,,,,,,,,,,,,,,,,,,,,,,,,,,,,
,,,,,,,,,,,,,,,,,,,,,,,,,,,,,,,,,,,,,,,,,,,,,,,,,,,,,,,,,,,,,,,,,,,,,,,,,,,,,,,,,,,,,,,,,,,,,,,,,,,,,,,,,,,,,,,,,,,,,,,,,,,
,,,,,,,,,,,,,,,,,,,,,,,,,,,,,,,,,,,,,,,,,,,,,,,,,,,,,,,,,,,,,,,,,,,,,,,,,,,,,,,,,,,,,,,,,,,,,,,,,,,,,,,,,,,,,,,,,,,,,,,,,,,
,,,,,,,,,,,,,,,,,,,,,,,,,,,,,,,,,,,,,,,,,,,,,,,,,,,,,,,,,,,,,,,,,,,,,,,,,,,,,,,,,,,,,,,,,,,,,,,,,,,,,,,,,,,,,,,,,,,,,,,,,,,
,,,,,,,,,,,,,,,,,,,,,,,,,,,,,,,,,,,,,,,,,,,,,,,,,,,,,,,,,,,,,,,,,,,,,,,,,,,,,,,,,,,,,,,,,,,,,,,,,,,,,,,,,,,,,,,,,,,,,,,,,,,
,,,,,,,,,,,,,,,,,,,,,,,,,,,,,,,,,,,,,,,,,,,,,,,,,,,,,,,,,,,,,,,,,,,,,,,,,,,,,,,,,,,,,,,,,,,,,,,,,,,,,,,,,,,,,,,,,,,,,,,,,,,
,,,,,,,,,,,,,,,,,,,,,,,,,,,,,,,,,,,,,,,,,,,,,,,,,,,,,,,,,,,,,,,,,,,,,,,,,,,,,,,,,,,,,,,,,,,,,,,,,,,,,,,,,,,,,,,,,,,,,,,,,,,
,,,,,,,,,,,,,,,,,,,,,,,,,,,,,,,,,,,,,,,,,,,,,,,,,,,,,,,,,,,,,,,,,,,,,,,,,,,,,,,,,,,,,,,,,,,,,,,,,,,,,,,,,,,,,,,,,,,,,,,,,,,
,,,,,,,,,,,,,,,,,,,,,,,,,,,,,,,,,,,,,,,,,,,,,,,,,,,,,,,,,,,,,,,,,,,,,,,,,,,,,,,,,,,,,,,,,,,,,,,,,,,,,,,,,,,,,,,,,,,,,,,,,,,
,,,,,,,,,,,,,,,,,,,,,,,,,,,,,,,,,,,,,,,,,,,,,,,,,,,,,,,,,,,,,,,,,,,,,,,,,,,,,,,,,,,,,,,,,,,,,,,,,,,,,,,,,,,,,,,,,,,,,,,,,,,
,,,,,,,,,,,,,,,,,,,,,,,,,,,,,,,,,,,,,,,,,,,,,,,,,,,,,,,,,,,,,,,,,,,,,,,,,,,,,,,,,,,,,,,,,,,,,,,,,,,,,,,,,,,,,,,,,,,,,,,,,,,
,,,,,,,,,,,,,,,,,,,,,,,,,,,,,,,,,,,,,,,,,,,,,,,,,,,,,,,,,,,,,,,,,,,,,,,,,,,,,,,,,,,,,,,,,,,,,,,,,,,,,,,,,,,,,,,,,,,,,,,,,,,
,,,,,,,,,,,,,,,,,,,,,,,,,,,,,,,,,,,,,,,,,,,,,,,,,,,,,,,,,,,,,,,,,,,,,,,,,,,,,,,,,,,,,,,,,,,,,,,,,,,,,,,,,,,,,,,,,,,,,,,,,,,
,,,,,,,,,,,,,,,,,,,,,,,,,,,,,,,,,,,,,,,,,,,,,,,,,,,,,,,,,,,,,,,,,,,,,,,,,,,,,,,,,,,,,,,,,,,,,,,,,,,,,,,,,,,,,,,,,,,,,,,,,,,
,,,,,,,,,,,,,,,,,,,,,,,,,,,,,,,,,,,,,,,,,,,,,,,,,,,,,,,,,,,,,,,,,,,,,,,,,,,,,,,,,,,,,,,,,,,,,,,,,,,,,,,,,,,,,,,,,,,,,,,,,,,
,,,,,,,,,,,,,,,,,,,,,,,,,,,,,,,,,,,,,,,,,,,,,,,,,,,,,,,,,,,,,,,,,,,,,,,,,,,,,,,,,,,,,,,,,,,,,,,,,,,,,,,,,,,,,,,,,,,,,,,,,,,
,,,,,,,,,,,,,,,,,,,,,,,,,,,,,,,,,,,,,,,,,,,,,,,,,,,,,,,,,,,,,,,,,,,,,,,,,,,,,,,,,,,,,,,,,,,,,,,,,,,,,,,,,,,,,,,,,,,,,,,,,,,
,,,,,,,,,,,,,,,,,,,,,,,,,,,,,,,,,,,,,,,,,,,,,,,,,,,,,,,,,,,,,,,,,,,,,,,,,,,,,,,,,,,,,,,,,,,,,,,,,,,,,,,,,,,,,,,,,,,,,,,,,,,
,,,,,,,,,,,,,,,,,,,,,,,,,,,,,,,,,,,,,,,,,,,,,,,,,,,,,,,,,,,,,,,,,,,,,,,,,,,,,,,,,,,,,,,,,,,,,,,,,,,,,,,,,,,,,,,,,,,,,,,,,,,
,,,,,,,,,,,,,,,,,,,,,,,,,,,,,,,,,,,,,,,,,,,,,,,,,,,,,,,,,,,,,,,,,,,,,,,,,,,,,,,,,,,,,,,,,,,,,,,,,,,,,,,,,,,,,,,,,,,,,,,,,,,
,,,,,,,,,,,,,,,,,,,,,,,,,,,,,,,,,,,,,,,,,,,,,,,,,,,,,,,,,,,,,,,,,,,,,,,,,,,,,,,,,,,,,,,,,,,,,,,,,,,,,,,,,,,,,,,,,,,,,,,,,,,
,,,,,,,,,,,,,,,,,,,,,,,,,,,,,,,,,,,,,,,,,,,,,,,,,,,,,,,,,,,,,,,,,,,,,,,,,,,,,,,,,,,,,,,,,,,,,,,,,,,,,,,,,,,,,,,,,,,,,,,,,,,
,,,,,,,,,,,,,,,,,,,,,,,,,,,,,,,,,,,,,,,,,,,,,,,,,,,,,,,,,,,,,,,,,,,,,,,,,,,,,,,,,,,,,,,,,,,,,,,,,,,,,,,,,,,,,,,,,,,,,,,,,,,
,,,,,,,,,,,,,,,,,,,,,,,,,,,,,,,,,,,,,,,,,,,,,,,,,,,,,,,,,,,,,,,,,,,,,,,,,,,,,,,,,,,,,,,,,,,,,,,,,,,,,,,,,,,,,,,,,,,,,,,,,,,
,,,,,,,,,,,,,,,,,,,,,,,,,,,,,,,,,,,,,,,,,,,,,,,,,,,,,,,,,,,,,,,,,,,,,,,,,,,,,,,,,,,,,,,,,,,,,,,,,,,,,,,,,,,,,,,,,,,,,,,,,,,
,,,,,,,,,,,,,,,,,,,,,,,,,,,,,,,,,,,,,,,,,,,,,,,,,,,,,,,,,,,,,,,,,,,,,,,,,,,,,,,,,,,,,,,,,,,,,,,,,,,,,,,,,,,,,,,,,,,,,,,,,,,
,,,,,,,,,,,,,,,,,,,,,,,,,,,,,,,,,,,,,,,,,,,,,,,,,,,,,,,,,,,,,,,,,,,,,,,,,,,,,,,,,,,,,,,,,,,,,,,,,,,,,,,,,,,,,,,,,,,,,,,,,,,
,,,,,,,,,,,,,,,,,,,,,,,,,,,,,,,,,,,,,,,,,,,,,,,,,,,,,,,,,,,,,,,,,,,,,,,,,,,,,,,,,,,,,,,,,,,,,,,,,,,,,,,,,,,,,,,,,,,,,,,,,,,
,,,,,,,,,,,,,,,,,,,,,,,,,,,,,,,,,,,,,,,,,,,,,,,,,,,,,,,,,,,,,,,,,,,,,,,,,,,,,,,,,,,,,,,,,,,,,,,,,,,,,,,,,,,,,,,,,,,,,,,,,,,
,,,,,,,,,,,,,,,,,,,,,,,,,,,,,,,,,,,,,,,,,,,,,,,,,,,,,,,,,,,,,,,,,,,,,,,,,,,,,,,,,,,,,,,,,,,,,,,,,,,,,,,,,,,,,,,,,,,,,,,,,,,
,,,,,,,,,,,,,,,,,,,,,,,,,,,,,,,,,,,,,,,,,,,,,,,,,,,,,,,,,,,,,,,,,,,,,,,,,,,,,,,,,,,,,,,,,,,,,,,,,,,,,,,,,,,,,,,,,,,,,,,,,,,
,,,,,,,,,,,,,,,,,,,,,,,,,,,,,,,,,,,,,,,,,,,,,,,,,,,,,,,,,,,,,,,,,,,,,,,,,,,,,,,,,,,,,,,,,,,,,,,,,,,,,,,,,,,,,,,,,,,,,,,,,,,
,,,,,,,,,,,,,,,,,,,,,,,,,,,,,,,,,,,,,,,,,,,,,,,,,,,,,,,,,,,,,,,,,,,,,,,,,,,,,,,,,,,,,,,,,,,,,,,,,,,,,,,,,,,,,,,,,,,,,,,,,,,
,,,,,,,,,,,,,,,,,,,,,,,,,,,,,,,,,,,,,,,,,,,,,,,,,,,,,,,,,,,,,,,,,,,,,,,,,,,,,,,,,,,,,,,,,,,,,,,,,,,,,,,,,,,,,,,,,,,,,,,,,,,
,,,,,,,,,,,,,,,,,,,,,,,,,,,,,,,,,,,,,,,,,,,,,,,,,,,,,,,,,,,,,,,,,,,,,,,,,,,,,,,,,,,,,,,,,,,,,,,,,,,,,,,,,,,,,,,,,,,,,,,,,,,
,,,,,,,,,,,,,,,,,,,,,,,,,,,,,,,,,,,,,,,,,,,,,,,,,,,,,,,,,,,,,,,,,,,,,,,,,,,,,,,,,,,,,,,,,,,,,,,,,,,,,,,,,,,,,,,,,,,,,,,,,,,
,,,,,,,,,,,,,,,,,,,,,,,,,,,,,,,,,,,,,,,,,,,,,,,,,,,,,,,,,,,,,,,,,,,,,,,,,,,,,,,,,,,,,,,,,,,,,,,,,,,,,,,,,,,,,,,,,,,,,,,,,,,
,,,,,,,,,,,,,,,,,,,,,,,,,,,,,,,,,,,,,,,,,,,,,,,,,,,,,,,,,,,,,,,,,,,,,,,,,,,,,,,,,,,,,,,,,,,,,,,,,,,,,,,,,,,,,,,,,,,,,,,,,,,
,,,,,,,,,,,,,,,,,,,,,,,,,,,,,,,,,,,,,,,,,,,,,,,,,,,,,,,,,,,,,,,,,,,,,,,,,,,,,,,,,,,,,,,,,,,,,,,,,,,,,,,,,,,,,,,,,,,,,,,,,,,
,,,,,,,,,,,,,,,,,,,,,,,,,,,,,,,,,,,,,,,,,,,,,,,,,,,,,,,,,,,,,,,,,,,,,,,,,,,,,,,,,,,,,,,,,,,,,,,,,,,,,,,,,,,,,,,,,,,,,,,,,,,
,,,,,,,,,,,,,,,,,,,,,,,,,,,,,,,,,,,,,,,,,,,,,,,,,,,,,,,,,,,,,,,,,,,,,,,,,,,,,,,,,,,,,,,,,,,,,,,,,,,,,,,,,,,,,,,,,,,,,,,,,,,
,,,,,,,,,,,,,,,,,,,,,,,,,,,,,,,,,,,,,,,,,,,,,,,,,,,,,,,,,,,,,,,,,,,,,,,,,,,,,,,,,,,,,,,,,,,,,,,,,,,,,,,,,,,,,,,,,,,,,,,,,,,
,,,,,,,,,,,,,,,,,,,,,,,,,,,,,,,,,,,,,,,,,,,,,,,,,,,,,,,,,,,,,,,,,,,,,,,,,,,,,,,,,,,,,,,,,,,,,,,,,,,,,,,,,,,,,,,,,,,,,,,,,,,
,,,,,,,,,,,,,,,,,,,,,,,,,,,,,,,,,,,,,,,,,,,,,,,,,,,,,,,,,,,,,,,,,,,,,,,,,,,,,,,,,,,,,,,,,,,,,,,,,,,,,,,,,,,,,,,,,,,,,,,,,,,
,,,,,,,,,,,,,,,,,,,,,,,,,,,,,,,,,,,,,,,,,,,,,,,,,,,,,,,,,,,,,,,,,,,,,,,,,,,,,,,,,,,,,,,,,,,,,,,,,,,,,,,,,,,,,,,,,,,,,,,,,,,
,,,,,,,,,,,,,,,,,,,,,,,,,,,,,,,,,,,,,,,,,,,,,,,,,,,,,,,,,,,,,,,,,,,,,,,,,,,,,,,,,,,,,,,,,,,,,,,,,,,,,,,,,,,,,,,,,,,,,,,,,,,
,,,,,,,,,,,,,,,,,,,,,,,,,,,,,,,,,,,,,,,,,,,,,,,,,,,,,,,,,,,,,,,,,,,,,,,,,,,,,,,,,,,,,,,,,,,,,,,,,,,,,,,,,,,,,,,,,,,,,,,,,,,
,,,,,,,,,,,,,,,,,,,,,,,,,,,,,,,,,,,,,,,,,,,,,,,,,,,,,,,,,,,,,,,,,,,,,,,,,,,,,,,,,,,,,,,,,,,,,,,,,,,,,,,,,,,,,,,,,,,,,,,,,,,
,,,,,,,,,,,,,,,,,,,,,,,,,,,,,,,,,,,,,,,,,,,,,,,,,,,,,,,,,,,,,,,,,,,,,,,,,,,,,,,,,,,,,,,,,,,,,,,,,,,,,,,,,,,,,,,,,,,,,,,,,,,
,,,,,,,,,,,,,,,,,,,,,,,,,,,,,,,,,,,,,,,,,,,,,,,,,,,,,,,,,,,,,,,,,,,,,,,,,,,,,,,,,,,,,,,,,,,,,,,,,,,,,,,,,,,,,,,,,,,,,,,,,,,
,,,,,,,,,,,,,,,,,,,,,,,,,,,,,,,,,,,,,,,,,,,,,,,,,,,,,,,,,,,,,,,,,,,,,,,,,,,,,,,,,,,,,,,,,,,,,,,,,,,,,,,,,,,,,,,,,,,,,,,,,,,
,,,,,,,,,,,,,,,,,,,,,,,,,,,,,,,,,,,,,,,,,,,,,,,,,,,,,,,,,,,,,,,,,,,,,,,,,,,,,,,,,,,,,,,,,,,,,,,,,,,,,,,,,,,,,,,,,,,,,,,,,,,
,,,,,,,,,,,,,,,,,,,,,,,,,,,,,,,,,,,,,,,,,,,,,,,,,,,,,,,,,,,,,,,,,,,,,,,,,,,,,,,,,,,,,,,,,,,,,,,,,,,,,,,,,,,,,,,,,,,,,,,,,,,
,,,,,,,,,,,,,,,,,,,,,,,,,,,,,,,,,,,,,,,,,,,,,,,,,,,,,,,,,,,,,,,,,,,,,,,,,,,,,,,,,,,,,,,,,,,,,,,,,,,,,,,,,,,,,,,,,,,,,,,,,,,
,,,,,,,,,,,,,,,,,,,,,,,,,,,,,,,,,,,,,,,,,,,,,,,,,,,,,,,,,,,,,,,,,,,,,,,,,,,,,,,,,,,,,,,,,,,,,,,,,,,,,,,,,,,,,,,,,,,,,,,,,,,
,,,,,,,,,,,,,,,,,,,,,,,,,,,,,,,,,,,,,,,,,,,,,,,,,,,,,,,,,,,,,,,,,,,,,,,,,,,,,,,,,,,,,,,,,,,,,,,,,,,,,,,,,,,,,,,,,,,,,,,,,,,
,,,,,,,,,,,,,,,,,,,,,,,,,,,,,,,,,,,,,,,,,,,,,,,,,,,,,,,,,,,,,,,,,,,,,,,,,,,,,,,,,,,,,,,,,,,,,,,,,,,,,,,,,,,,,,,,,,,,,,,,,,,
,,,,,,,,,,,,,,,,,,,,,,,,,,,,,,,,,,,,,,,,,,,,,,,,,,,,,,,,,,,,,,,,,,,,,,,,,,,,,,,,,,,,,,,,,,,,,,,,,,,,,,,,,,,,,,,,,,,,,,,,,,,
,,,,,,,,,,,,,,,,,,,,,,,,,,,,,,,,,,,,,,,,,,,,,,,,,,,,,,,,,,,,,,,,,,,,,,,,,,,,,,,,,,,,,,,,,,,,,,,,,,,,,,,,,,,,,,,,,,,,,,,,,,,
,,,,,,,,,,,,,,,,,,,,,,,,,,,,,,,,,,,,,,,,,,,,,,,,,,,,,,,,,,,,,,,,,,,,,,,,,,,,,,,,,,,,,,,,,,,,,,,,,,,,,,,,,,,,,,,,,,,,,,,,,,,
,,,,,,,,,,,,,,,,,,,,,,,,,,,,,,,,,,,,,,,,,,,,,,,,,,,,,,,,,,,,,,,,,,,,,,,,,,,,,,,,,,,,,,,,,,,,,,,,,,,,,,,,,,,,,,,,,,,,,,,,,,,
,,,,,,,,,,,,,,,,,,,,,,,,,,,,,,,,,,,,,,,,,,,,,,,,,,,,,,,,,,,,,,,,,,,,,,,,,,,,,,,,,,,,,,,,,,,,,,,,,,,,,,,,,,,,,,,,,,,,,,,,,,,
,,,,,,,,,,,,,,,,,,,,,,,,,,,,,,,,,,,,,,,,,,,,,,,,,,,,,,,,,,,,,,,,,,,,,,,,,,,,,,,,,,,,,,,,,,,,,,,,,,,,,,,,,,,,,,,,,,,,,,,,,,,
,,,,,,,,,,,,,,,,,,,,,,,,,,,,,,,,,,,,,,,,,,,,,,,,,,,,,,,,,,,,,,,,,,,,,,,,,,,,,,,,,,,,,,,,,,,,,,,,,,,,,,,,,,,,,,,,,,,,,,,,,,,
,,,,,,,,,,,,,,,,,,,,,,,,,,,,,,,,,,,,,,,,,,,,,,,,,,,,,,,,,,,,,,,,,,,,,,,,,,,,,,,,,,,,,,,,,,,,,,,,,,,,,,,,,,,,,,,,,,,,,,,,,,,
,,,,,,,,,,,,,,,,,,,,,,,,,,,,,,,,,,,,,,,,,,,,,,,,,,,,,,,,,,,,,,,,,,,,,,,,,,,,,,,,,,,,,,,,,,,,,,,,,,,,,,,,,,,,,,,,,,,,,,,,,,,
,,,,,,,,,,,,,,,,,,,,,,,,,,,,,,,,,,,,,,,,,,,,,,,,,,,,,,,,,,,,,,,,,,,,,,,,,,,,,,,,,,,,,,,,,,,,,,,,,,,,,,,,,,,,,,,,,,,,,,,,,,,
,,,,,,,,,,,,,,,,,,,,,,,,,,,,,,,,,,,,,,,,,,,,,,,,,,,,,,,,,,,,,,,,,,,,,,,,,,,,,,,,,,,,,,,,,,,,,,,,,,,,,,,,,,,,,,,,,,,,,,,,,,,
,,,,,,,,,,,,,,,,,,,,,,,,,,,,,,,,,,,,,,,,,,,,,,,,,,,,,,,,,,,,,,,,,,,,,,,,,,,,,,,,,,,,,,,,,,,,,,,,,,,,,,,,,,,,,,,,,,,,,,,,,,,
,,,,,,,,,,,,,,,,,,,,,,,,,,,,,,,,,,,,,,,,,,,,,,,,,,,,,,,,,,,,,,,,,,,,,,,,,,,,,,,,,,,,,,,,,,,,,,,,,,,,,,,,,,,,,,,,,,,,,,,,,,,
,,,,,,,,,,,,,,,,,,,,,,,,,,,,,,,,,,,,,,,,,,,,,,,,,,,,,,,,,,,,,,,,,,,,,,,,,,,,,,,,,,,,,,,,,,,,,,,,,,,,,,,,,,,,,,,,,,,,,,,,,,,
,,,,,,,,,,,,,,,,,,,,,,,,,,,,,,,,,,,,,,,,,,,,,,,,,,,,,,,,,,,,,,,,,,,,,,,,,,,,,,,,,,,,,,,,,,,,,,,,,,,,,,,,,,,,,,,,,,,,,,,,,,,
,,,,,,,,,,,,,,,,,,,,,,,,,,,,,,,,,,,,,,,,,,,,,,,,,,,,,,,,,,,,,,,,,,,,,,,,,,,,,,,,,,,,,,,,,,,,,,,,,,,,,,,,,,,,,,,,,,,,,,,,,,,
,,,,,,,,,,,,,,,,,,,,,,,,,,,,,,,,,,,,,,,,,,,,,,,,,,,,,,,,,,,,,,,,,,,,,,,,,,,,,,,,,,,,,,,,,,,,,,,,,,,,,,,,,,,,,,,,,,,,,,,,,,,
,,,,,,,,,,,,,,,,,,,,,,,,,,,,,,,,,,,,,,,,,,,,,,,,,,,,,,,,,,,,,,,,,,,,,,,,,,,,,,,,,,,,,,,,,,,,,,,,,,,,,,,,,,,,,,,,,,,,,,,,,,,
,,,,,,,,,,,,,,,,,,,,,,,,,,,,,,,,,,,,,,,,,,,,,,,,,,,,,,,,,,,,,,,,,,,,,,,,,,,,,,,,,,,,,,,,,,,,,,,,,,,,,,,,,,,,,,,,,,,,,,,,,,,
,,,,,,,,,,,,,,,,,,,,,,,,,,,,,,,,,,,,,,,,,,,,,,,,,,,,,,,,,,,,,,,,,,,,,,,,,,,,,,,,,,,,,,,,,,,,,,,,,,,,,,,,,,,,,,,,,,,,,,,,,,,
,,,,,,,,,,,,,,,,,,,,,,,,,,,,,,,,,,,,,,,,,,,,,,,,,,,,,,,,,,,,,,,,,,,,,,,,,,,,,,,,,,,,,,,,,,,,,,,,,,,,,,,,,,,,,,,,,,,,,,,,,,,
,,,,,,,,,,,,,,,,,,,,,,,,,,,,,,,,,,,,,,,,,,,,,,,,,,,,,,,,,,,,,,,,,,,,,,,,,,,,,,,,,,,,,,,,,,,,,,,,,,,,,,,,,,,,,,,,,,,,,,,,,,,
,,,,,,,,,,,,,,,,,,,,,,,,,,,,,,,,,,,,,,,,,,,,,,,,,,,,,,,,,,,,,,,,,,,,,,,,,,,,,,,,,,,,,,,,,,,,,,,,,,,,,,,,,,,,,,,,,,,,,,,,,,,
,,,,,,,,,,,,,,,,,,,,,,,,,,,,,,,,,,,,,,,,,,,,,,,,,,,,,,,,,,,,,,,,,,,,,,,,,,,,,,,,,,,,,,,,,,,,,,,,,,,,,,,,,,,,,,,,,,,,,,,,,,,
,,,,,,,,,,,,,,,,,,,,,,,,,,,,,,,,,,,,,,,,,,,,,,,,,,,,,,,,,,,,,,,,,,,,,,,,,,,,,,,,,,,,,,,,,,,,,,,,,,,,,,,,,,,,,,,,,,,,,,,,,,,
,,,,,,,,,,,,,,,,,,,,,,,,,,,,,,,,,,,,,,,,,,,,,,,,,,,,,,,,,,,,,,,,,,,,,,,,,,,,,,,,,,,,,,,,,,,,,,,,,,,,,,,,,,,,,,,,,,,,,,,,,,,
,,,,,,,,,,,,,,,,,,,,,,,,,,,,,,,,,,,,,,,,,,,,,,,,,,,,,,,,,,,,,,,,,,,,,,,,,,,,,,,,,,,,,,,,,,,,,,,,,,,,,,,,,,,,,,,,,,,,,,,,,,,
,,,,,,,,,,,,,,,,,,,,,,,,,,,,,,,,,,,,,,,,,,,,,,,,,,,,,,,,,,,,,,,,,,,,,,,,,,,,,,,,,,,,,,,,,,,,,,,,,,,,,,,,,,,,,,,,,,,,,,,,,,,
,,,,,,,,,,,,,,,,,,,,,,,,,,,,,,,,,,,,,,,,,,,,,,,,,,,,,,,,,,,,,,,,,,,,,,,,,,,,,,,,,,,,,,,,,,,,,,,,,,,,,,,,,,,,,,,,,,,,,,,,,,,
,,,,,,,,,,,,,,,,,,,,,,,,,,,,,,,,,,,,,,,,,,,,,,,,,,,,,,,,,,,,,,,,,,,,,,,,,,,,,,,,,,,,,,,,,,,,,,,,,,,,,,,,,,,,,,,,,,,,,,,,,,,
,,,,,,,,,,,,,,,,,,,,,,,,,,,,,,,,,,,,,,,,,,,,,,,,,,,,,,,,,,,,,,,,,,,,,,,,,,,,,,,,,,,,,,,,,,,,,,,,,,,,,,,,,,,,,,,,,,,,,,,,,,,
,,,,,,,,,,,,,,,,,,,,,,,,,,,,,,,,,,,,,,,,,,,,,,,,,,,,,,,,,,,,,,,,,,,,,,,,,,,,,,,,,,,,,,,,,,,,,,,,,,,,,,,,,,,,,,,,,,,,,,,,,,,
,,,,,,,,,,,,,,,,,,,,,,,,,,,,,,,,,,,,,,,,,,,,,,,,,,,,,,,,,,,,,,,,,,,,,,,,,,,,,,,,,,,,,,,,,,,,,,,,,,,,,,,,,,,,,,,,,,,,,,,,,,,
,,,,,,,,,,,,,,,,,,,,,,,,,,,,,,,,,,,,,,,,,,,,,,,,,,,,,,,,,,,,,,,,,,,,,,,,,,,,,,,,,,,,,,,,,,,,,,,,,,,,,,,,,,,,,,,,,,,,,,,,,,,
